PC1,PC2,PC3
18.49788152490128,9.080990369075954,2.734562730663706
18.380640342067803,9.181942101295961,2.778275016573108
18.63558570141584,9.077834341681111,2.7587996937804515
18.41669306526267,9.067613362258092,2.77099229897645
18.050683576808062,9.144307334411923,2.8222525914961905
18.18944294702101,9.115704304959777,2.793107498332904
19.121254533670058,9.16660484572572,2.6642174478509077
19.08320442899818,9.154723201884476,2.6892574170696535
17.823381801045485,9.14779847115338,2.7826937751814063
18.136996619325966,9.132723264595697,2.7530322603905852
18.18193402993673,9.156492684660773,2.696043709543969
17.849108189081488,9.113498483476347,2.7046078091910477
17.696981427955198,9.15041725345981,2.7406197628882616
17.180199610249847,8.922071482322457,2.6028042270040737
17.56985874912555,8.714083555941647,2.4613757764873134
17.516635325494335,8.733873949767702,2.4229628114112076
16.206130089946534,8.624993114051515,2.481940220867437
15.873198544572434,8.59770254033448,2.4784302205384017
16.637900795842295,8.569232573370645,2.3524610055942103
15.449992968250669,8.562760699693689,2.3986012625249504
15.480341013370365,8.437993953291079,2.350444754939709
15.986630839369528,8.458404915975619,2.2810667168652046
15.37271475328965,8.357143925230018,2.1952656217505795
15.717894495246961,8.316972691627473,2.147704436232938
15.423030824676024,8.29983350125909,2.099732643886704
15.321174280906718,8.215612864862075,2.087829240321791
14.664534242511307,8.174930995718428,2.058065162506125
14.411141538877368,8.141345635264146,2.0395292687899325
15.019884407644518,8.066597143034029,1.900192119608703
14.698329159823324,8.052186193969375,1.8922417501568998
14.638540137341579,7.972994295403387,1.819646785550028
14.579429914473122,7.910189332015488,1.7651696563178987
13.87734559504322,7.83025709003104,1.7587996714953857
14.235727498575894,7.833243681883372,1.6930577350552798
14.11316473880599,7.6756352598394235,1.619277328155828
14.530526561842597,7.693580214810823,1.5381375640315316
13.770459473994785,7.55628108782891,1.545887432390818
13.61119269570831,7.476179021305997,1.4952464970884023
13.61034933801385,7.515710033845521,1.4642738673159597
12.477768137261704,7.44336274538108,1.5128672003536798
12.998492330408439,7.4425743919977165,1.4026737610948143
13.250632565047354,7.425383609444616,1.237057655755029
11.660219901758245,7.361346601667088,1.3868003890661178
11.93310173876576,7.299974449316004,1.2535557540796607
12.711547330889905,7.303057350571149,1.1346677071311404
11.841229494166198,7.288170703464638,1.1440159504888658
12.086083237073721,7.202460467377054,1.0751852841452905
11.966489188217313,7.2265186816591145,1.0196737740498614
12.257924133549684,7.081538624338688,0.9137382106687257
12.87614487515549,7.025185253665443,0.8565197383895302
11.780121358156789,7.04405193420673,0.7907265751998707
11.54920987924079,6.9271660229194785,0.7609294600509525
12.157065990333638,6.882237458337018,0.6931084113481348
11.985047002263746,6.842207276863412,0.64837264970708
11.111618634429057,6.816807660139102,0.5651061840385321
10.969189316940238,6.751692492292366,0.5429374429599647
11.34873982056591,6.680555901681891,0.42786024451037336
11.130637324404752,6.618599467786496,0.4066470839934393
10.112172166405212,6.5932241234625275,0.4057040348859451
10.016038777672533,6.538517684331739,0.35907619958397996
9.976495947168809,6.428228996909491,0.2687713788596025
10.959593984360165,6.502058478878457,0.17920489377382826
9.680098530502583,6.327106795784091,0.20055326443054075
9.473067694112174,6.274675467947718,0.16763913460308805
10.20064066212218,6.331550647575366,-0.012183338552813859
9.496385061766427,6.272414104221565,-0.01156925970580645
9.445770948351853,6.2065043865507,-0.01646256377857721
9.224476545047063,6.150376056321681,-0.032454448385123624
9.058240388821964,6.067773733257016,-0.10916912954214919
9.440893292518066,6.089934472824851,-0.15487277958760678
9.344731249618885,6.03744393832964,-0.2276786563805294
9.34692228720738,5.9776859815152745,-0.29205759716986135
9.317016961325203,5.906717236814966,-0.30377179937427407
8.541275334551708,5.8932665178767545,-0.2850206521245665
8.565580066615086,5.710136847509126,-0.42017494648216364
8.839378860072038,5.756073838797387,-0.4235867813020086
8.80944385179996,5.584554058827223,-0.5224949138768697
8.667753366999035,5.588498788320079,-0.5236731835893732
7.964526524853997,5.550796450054156,-0.4741161016494172
7.9916871671734535,5.475486275944792,-0.50822116056716
8.012132857533256,5.510323906007854,-0.6424694220264657
7.447816293180433,5.4483042068370935,-0.5764076135157024
7.772855619148968,5.430682831067288,-0.6516542010096931
8.535915830420304,5.429913291606781,-0.7929643342499927
7.481435625533686,5.36371438242184,-0.7168119462782682
7.031536887032188,5.315643244570687,-0.7297601152886406
7.953447509344245,5.280183960118441,-0.8741525754945281
8.524326153660576,5.249558136872231,-0.9347440072638357
7.863223242167034,5.111041143345911,-0.9465748746508279
7.9423390898986135,5.089300285723741,-0.9098180818281122
7.697195349344236,5.045956742688575,-1.0638969106713063
7.107259730436544,4.929678677968752,-1.010897474228845
7.525673910471983,4.928110564364394,-1.0558885918592036
6.901749700983992,4.821878078995297,-1.065360515122405
6.540036006880378,4.830535280238339,-1.0696777686804868
6.707243071359813,4.8257256775357265,-1.134757964250697
6.771746425827483,4.7314258464662915,-1.166321009824545
6.698467124683808,4.726189769419312,-1.1527666481308645
5.520437669510566,4.6803178522326325,-1.1868084338488443
5.955965799394861,4.67389580089891,-1.2623533645153415
6.161312870614786,4.552185115696402,-1.260426212403564
6.149474115241108,4.581322424653098,-1.3177905016557168
5.211126291782273,4.420490434021603,-1.3241143149619057
5.447897318705652,4.455939762125426,-1.351909223844743
5.486388318693404,4.387740485299732,-1.4144523669406912
5.316884534770711,4.286383795234599,-1.4395501524350216
5.891887121319522,4.27816993400152,-1.4983336037505144
4.202770846444682,4.229982786218075,-1.4292386255027403
3.9614124703036286,4.241470816015228,-1.4923914923532342
3.768461483512535,4.213059619018157,-1.5122622820708824
4.4009208712890056,4.166095427982186,-1.5826267131341836
3.8451751906083036,4.073620773068582,-1.5537799604169238
3.801051371887167,4.061618242094261,-1.5656024502624748
3.5137390072700168,4.01853605217492,-1.599672394259473
3.708707102744639,3.9071175933206055,-1.630969888009393
3.066929890358229,3.9262372932835605,-1.5857720906177262
3.5934374050527533,3.815379613673179,-1.6850812739407064
4.295378788764695,3.8466912129164794,-1.7670138508876025
3.246427125227628,3.7412111225537874,-1.7135637490012845
4.023984422989283,3.6876994375200987,-1.7726926836500037
3.7107735003093163,3.6764723986542673,-1.7421960123732536
3.2045398647689227,3.590877758487155,-1.7505439105835443
3.828850794393101,3.5368985663400903,-1.820973558332317
3.1871858347557764,3.5595863771558647,-1.8231114135584503
3.0327128882431715,3.447514257910462,-1.7889483309206982
2.2858355160874595,3.424576015956949,-1.743709970632963
2.6754065694513547,3.387095433051408,-1.8487717036098241
2.643132116277834,3.3527233449016083,-1.8367421116271623
2.6773217923749866,3.3191843604670392,-1.8959613267470248
3.0227297902813652,3.2884888960899965,-1.9519354791779073
1.5131148208765643,3.1936769118261426,-1.8151964876233966
1.9109201531336435,3.186952956458537,-1.8778800089792096
2.934551276356532,3.149863788731029,-1.9998067864984626
2.5277904390668886,3.105571703215729,-1.9790345627230965
2.0356017001506808,3.0706126597104504,-1.957539102763751
1.6030787670790156,3.054812187485998,-1.913470571174292
1.731396660452897,2.9617047497628985,-1.917751085149642
1.818230398744295,2.949083104367625,-1.971548657978947
0.7606583425246176,2.9035339798992403,-1.8661609338623169
1.772893309400254,2.8453218885611307,-1.9717229614634317
2.629279603345108,2.8314526205785615,-2.055976373629898
2.3599011378970167,2.7870251175720715,-2.054453908231843
0.8816492731345938,2.756441368926786,-1.9208287323497844
0.7678881107943109,2.74212048145281,-1.921032532903418
1.233492654927561,2.659971844984175,-1.99074159772756
1.0178538080000352,2.639211450813314,-1.9966105913156444
0.690770433103337,2.618421290750017,-1.9760050474035866
0.5251764840772172,2.5623763735459946,-1.9391397717622156
1.3401017863697455,2.531538952728214,-2.062394053718888
1.277593235898088,2.510429994037973,-2.0692949337270132
0.3039518093200375,2.4474212500636296,-1.9247236665018927
0.3113532022073387,2.43596671766505,-1.959078029556456
1.5308460357579308,2.3925294164264646,-2.12801064963803
0.6883226332822869,2.397013775627457,-2.0285922698216536
0.7077708810445426,2.346839231462942,-2.0310211078306777
-0.24732135429617122,2.3599354764971356,-1.9687683534382665
0.27378545256052855,2.271311270473574,-1.984686230132942
1.4357239119590328,2.258392888154245,-2.143239514867173
1.4348863982507345,2.2211397679961764,-2.1626367244784332
1.2429673115800999,2.201153945182491,-2.1345248592434634
-0.44140184540896016,2.219749334807837,-1.93356421653484
-0.5543212246732004,2.2021173196106356,-1.9253105241604906
0.8664292342856615,2.1271737208595587,-2.1036262102676133
0.14568879045978167,2.1211533795885966,-2.0205826063617307
-0.658383793688287,2.0965138307866287,-1.942064849880871
-0.45472329199477074,2.0612085289839963,-2.0031500001061366
-0.4887398088647491,2.0447580157507437,-2.01574995022192
-0.054282034619568466,1.9796558488915021,-2.047317950534903
0.5763585656647282,1.9323761613498738,-2.1338128840747514
0.8164061851054648,1.9173834063674104,-2.1576274724630813
1.042424122061456,1.882425625517391,-2.2009609484814026
1.2273582016643503,1.8539007579438136,-2.2290781547641996
0.15907589775123887,1.8643738399251075,-2.078853236056299
0.2057839304831547,1.8038606373060881,-2.0755309115681126
0.59587586155066,1.761426568263912,-2.1702606607600927
-0.36045870146854037,1.7727750451227213,-2.0286703510205077
0.3811463702034196,1.6967988137324956,-2.095376092329723
0.05813018775477359,1.7321603028069164,-2.0897554061644645
-0.8505634996705421,1.7037018074990964,-1.9661578059241551
-0.7590140856216994,1.6996256734713113,-2.0323639297736835
0.03924905716743569,1.6552658174255155,-2.086063672892994
0.38500405964149187,1.6048153262754097,-2.118950054490046
-1.2870393556420636,1.673467114500428,-1.954525217026352
-0.6661422364777044,1.6001443143227378,-2.056551122396436
-0.2272641370736233,1.5778603318635054,-2.095599563706071
-0.8899142505286864,1.5625812309343128,-1.9974352235692616
-0.9835187385003114,1.557174688063536,-2.008645587502065
-1.437835771007737,1.5738880660072578,-1.9918494667406685
-0.4537453167351781,1.4756434938391787,-2.052705464779914
-0.4042311314634753,1.4949866954639313,-2.078344255914253
-1.2983469378113592,1.4346791195058224,-2.0020105115745257
-1.408776817235755,1.4477350964339006,-1.967020380758783
-0.8219139149626163,1.419163669062306,-2.028829492393135
-1.4527252784995948,1.394565664659303,-1.971964429693265
-1.7531923596578542,1.4231261835266005,-1.955166594380136
-1.4795334583226756,1.3455861653613799,-1.957644073303435
-1.7128801705407435,1.3539390906665723,-1.9545316132800326
-1.706079167063128,1.3516544576519478,-1.966501606701127
-1.7786108157881224,1.31588396383312,-1.9468557033723108
-1.992021615678932,1.3189363707077175,-1.9132972754466864
-2.7720071266006365,1.3234209680784486,-1.8000515755696063
-2.2609149077763986,1.2765526365060964,-1.8872615694297414
-1.8838451770549793,1.2063973251755373,-1.9318461378319032
-0.8113914905572456,1.1768035050372074,-2.0294856094242926
-2.598225873848981,1.2400325653516735,-1.8624917757638626
-2.109176371120671,1.180373183688669,-1.884319310741447
-1.4646728344439053,1.108269585528502,-1.9864634775803378
-1.6600766553321038,1.1042905316206226,-1.9678605073478812
-2.2607626709721105,1.1245315359073347,-1.8753957900305271
-2.604793491685197,1.1280393064656673,-1.8191120659602174
-3.075892168410571,1.1091380059367828,-1.767808949652825
-2.802510761844179,1.0648971754810381,-1.8008989317760054
-3.4327820868835546,1.100497934485319,-1.700016617152766
-3.392459873332691,1.0923425956004773,-1.7349361512965955
-2.8821166763464374,1.024619617912131,-1.7843551611856963
-3.513161673069462,1.0576492902202268,-1.663721833653019
-2.786238400707939,0.9868145884931449,-1.795341287022921
-3.2708069196315197,0.9805180042400811,-1.705491121440066
-3.528063135230973,0.9947142483165908,-1.6773141648577201
-4.069843136876347,0.9949113235696467,-1.6257239337548204
-2.8263634834786617,0.9308896677371165,-1.7703283311092948
-3.3424379802566833,0.9381850311979862,-1.7027174092772086
-4.630026246427006,0.9830582382861476,-1.5235683948154373
-4.261927564563428,0.9689765008038105,-1.567883389006791
-3.666071362693772,0.8862471049138879,-1.6521922332938621
-3.2117349996862243,0.8529272923912844,-1.7248616564185935
-4.234294307124132,0.9033082139727158,-1.5768431652167059
-4.2402819688912645,0.8969975298077327,-1.5741874547574854
-3.6328012874151985,0.8096451331574388,-1.6482551189207344
-4.388673618185858,0.8709772818795242,-1.543622825447813
-4.776871841544226,0.8424328878558094,-1.4667370847505625
-4.580094456254521,0.8217415963643306,-1.5168805172402056
-4.1621671415083545,0.7622495854167832,-1.552557324570356
-3.7544260305936077,0.7387323547758338,-1.6198584636063822
-4.939572071785948,0.8160631890450535,-1.4934422340137004
-4.4523306099263,0.7427248446018975,-1.5402580309270253
-4.44163991277924,0.7515626033205166,-1.5609514981581802
-4.069641233876705,0.7080390890854009,-1.5847265619974618
-4.107444045023738,0.6749226301869323,-1.538035251961454
-4.822126026730571,0.6907801296400818,-1.4377948619614316
-4.794492657803675,0.6798758747578806,-1.4401689067532257
-4.9165990303666005,0.7153970994254611,-1.4393275342984702
-4.6197350725571,0.6631165993965162,-1.5043014541159931
-4.237222278908766,0.6186971691441148,-1.5056007269770413
-5.3989987910695385,0.672513518380142,-1.3730988017330676
-5.00153956543071,0.6406819789295835,-1.4401758927803128
-4.73143127750254,0.607904843075851,-1.431938955951061
-5.660438112793571,0.615826381692539,-1.3250439126151787
-5.342798868154418,0.5914058960597152,-1.3729615738729226
-5.4619396381374505,0.5785610526369094,-1.3376468030876676
-6.03132448398773,0.6168528841052087,-1.2610968974673684
-6.31405991960851,0.6131258076342628,-1.2343463181279999
-6.041145197918783,0.5978679830115797,-1.26808954151347
-5.373113594720339,0.5547363931398551,-1.3529247384843146
-6.642251415457608,0.5712561357664961,-1.1662410475072538
-5.705274947516781,0.5327202706004388,-1.2962316811426708
-5.986699007801236,0.5356064476339976,-1.2779941689205192
-5.945104000775289,0.5057345452213506,-1.2586280252427702
-5.719550177462178,0.45821211371476955,-1.2530219555224904
-6.500235679539046,0.5218280669762807,-1.2162522140896677
-6.246942359802913,0.4871557626010637,-1.2067462372323243
-6.4818191923434965,0.5084511549991912,-1.1966860494235254
-6.50540403969637,0.4849079413987673,-1.1925093011134624
-6.392558900987123,0.47149219114465746,-1.1948636254872327
-6.551891780579605,0.4900338102152781,-1.173485668222144
-7.1138713554151805,0.5190102770116325,-1.1024436717198491
-6.440993270496936,0.4323063344055566,-1.1482734090678821
-6.433528226814739,0.4326198113543886,-1.1728544595626371
-7.513846504494473,0.5349602683845102,-1.0217156950166006
-7.47454010131391,0.5153757285932793,-1.0552825815775158
-6.703137482409644,0.42929530939893995,-1.1376407188250337
-6.923390213534718,0.4274500034689987,-1.0999367801391446
-6.18479834845829,0.39648180593722315,-1.2152273696738094
-6.458920037390729,0.41784263879202665,-1.14571154915444
-7.498786045501524,0.47827523433668195,-1.0256301411160007
-6.7596904493599235,0.41595823973175505,-1.1300572945655185
-6.809431202997083,0.37940197235554673,-1.1284799000772445
-7.229495476475295,0.4569533182893918,-1.0633424097189994
-6.772772639347033,0.40297517876585376,-1.1063195395366499
-7.126414963004015,0.41048302387127433,-1.0467592651417783
-7.241278333321225,0.4346284970059013,-1.0324582221972027
-7.420185983859292,0.4515600038546286,-0.9679577793001003
-7.6400782034846,0.45515543209008885,-0.9674570197773825
-7.454281862270668,0.46473445903097954,-1.0019984264011934
-7.338622984826392,0.43911256637830537,-1.0211300881732674
-7.298835202799693,0.4381606333710489,-1.005469976012892
-7.871637568452436,0.47254392658516076,-0.9241695570629217
-7.280448172079167,0.40730567680929947,-1.0084112089760864
-8.079784957840673,0.4814424253890012,-0.8824388817153045
-7.987683254808366,0.4690500605784805,-0.9051612417621807
-7.2458420865219475,0.4081120043057966,-0.9964435440565069
-7.429398517422123,0.4286908345530511,-0.9801510247360797
-7.551630265870224,0.4101688728852705,-0.9385613340620688
-7.64062740990376,0.4264362671937832,-0.929013622315146
-8.173472400240374,0.4798576158525898,-0.8514749686077611
-8.079713816939412,0.4746294833527195,-0.85123754762803
-7.640215283227835,0.4409061915948956,-0.9144964883132999
-7.973651663576214,0.46576082896629534,-0.8620827942363675
-8.322153623804178,0.4833817497560063,-0.8010916369331053
-8.23666429437188,0.4583850379965239,-0.8211797634794475
-8.534888132292664,0.5099516404824265,-0.7801893923521331
-8.598743148857535,0.5215216026990216,-0.7752155087488337
-7.618745684480449,0.4095053525321238,-0.8917301647602462
-7.983752721719981,0.4459920856792715,-0.8287840742459313
-8.810260901384373,0.5003034376465605,-0.7101339146621396
-9.59964942568715,0.5658930745597006,-0.5617008437577873
-8.090665027212648,0.4629322643782343,-0.8306039261600452
-8.30240699303738,0.4858109309224133,-0.760381542147272
-9.088811294977608,0.555182102624728,-0.638801884995246
-9.008355328740649,0.5181154552352392,-0.623809729692174
-8.470344547056916,0.5169455467629896,-0.7331609134415344
-8.119357708339995,0.4754833024602354,-0.7881775006994177
-8.710913093387134,0.49585406455712977,-0.6707458556994071
-9.029937230902195,0.530312039352359,-0.6015812517832642
-8.687747280401258,0.4865345455319536,-0.6670454369389062
-8.708732626820604,0.5137955077563457,-0.6902053574646739
-9.446238863982133,0.5276376280798322,-0.5166156963005919
-8.434872100015262,0.4958213460363567,-0.6928637713493655
-9.041639031084324,0.5288210200121038,-0.6029035592056642
-9.58008109608485,0.5424156302555625,-0.505510086632459
-9.379987561336554,0.5454778626414359,-0.5364607381153988
-8.881786793838918,0.4952504719257425,-0.5807882855736514
-9.39046759610343,0.5402007500139876,-0.5178818864118075
-9.499220654781091,0.5405484878154014,-0.4665830891587258
-8.667626806669645,0.5086403908344483,-0.6301420035833297
-9.27723849482185,0.5346565701554777,-0.5211508435818114
-9.855639446340625,0.5893756007118858,-0.41784109201786473
-9.623460882975838,0.5481634051176453,-0.45831074764498403
-9.178431773748148,0.5376969320824964,-0.5203384926141341
-9.332087658785637,0.5424909283880063,-0.4934713382506812
-9.56325140322521,0.5540796535056973,-0.4819015307027316
-9.855713224264466,0.5887535806401752,-0.40730842558562474
-9.686079923400726,0.5835712168336961,-0.4297393075612448
-10.11413710214654,0.6128363362750364,-0.38183188789977196
-9.129617331739334,0.5409330914696932,-0.527235651872413
-9.140789682627561,0.517913407776211,-0.5088750516764919
-10.09508704890455,0.5845961381533099,-0.3590824487592344
-9.693466976118861,0.5699249225224227,-0.3950744936627618
-9.439538524033605,0.5541843777433262,-0.4304588187694441
-10.058366750998387,0.5855422546676731,-0.3338917725734476
-10.013954703079245,0.5664352750948053,-0.3501440404986337
-10.132313877899659,0.5809099985172722,-0.3470257518632308
-10.143761124108524,0.5760229739645185,-0.30196211433200143
-10.05247272238246,0.5619550395345349,-0.2999020411998733
-9.88380919460475,0.5644141896359951,-0.33111303840459105
-10.520402697459879,0.6421152573781977,-0.24499370503766593
-10.125329256912108,0.5805182410113117,-0.2844333648209416
-10.410127162884528,0.6308663757838984,-0.2484430738951386
-10.632405928343792,0.6668965642946567,-0.2145363377390641
-10.00389003505964,0.5679548474708661,-0.2921217512454863
-10.132876507730144,0.6030508867821953,-0.28809194577763014
-9.922821572542809,0.5782278478738158,-0.3144119078700343
-9.866903902278313,0.5755685894724859,-0.30927903242461435
-10.56822717587867,0.6284403344625294,-0.20788356129674496
-10.551937211370044,0.634893459671621,-0.1934747451690169
-10.766262632077853,0.6639515898055253,-0.1182216083643274
-11.316790558845836,0.6993685560207155,-0.052153532391114206
-11.16099699751516,0.6785798121182104,-0.07720292883010618
-10.179539086322027,0.6095994683531467,-0.2501463523907481
-10.91083051317666,0.6574749907860975,-0.10181522406879545
-11.044865764376675,0.6642228243406355,-0.07038420074733219
-11.355129521411298,0.6961247424478025,-0.029992032944477765
-10.696409175399106,0.6294519014790376,-0.10347510431813249
-10.804493023464236,0.6294861940851277,-0.08574224121271226
-11.447453842485146,0.6839505449834189,-0.0002279530167983384
-11.86691921178361,0.7085105993875781,0.08250024883484651
-11.560161219876434,0.7122883652403237,0.02823123429332988
-11.73841347374421,0.7220949581066566,0.07569257854820002
-12.100105476793477,0.7466801986041465,0.1161591718019314
-10.596712140125318,0.6404026287161023,-0.11982981030077433
-11.200048522476836,0.6829009856600102,-0.02954079446398882
-10.77239716101624,0.6499314729242295,-0.0993013848068815
-11.228882931966988,0.6873505600534275,-0.023128345181673986
-11.511973951871177,0.7069273716207908,0.03155013375563762
-12.081101260344994,0.7202878143398407,0.13115844230498677
-12.041952584305541,0.7384869165676171,0.09946763703714467
-11.36983683961096,0.6993503336427509,0.012136237328632376
-11.36590318762559,0.6699981852646226,0.017360022656120546
-11.860219493283251,0.7145818046370275,0.08394248203976014
-11.887644777839574,0.7222812173943549,0.09010414015070983
-11.43797763994542,0.6803350531679689,0.0332284539404278
-11.409165164975004,0.6879781961345839,0.03643190517135123
-12.074792496284621,0.7292200713335872,0.14024530402950108
-12.582272085463432,0.7513805772381387,0.245419992779558
-11.451078203191388,0.7007406383469735,0.04536908261242221
-11.606337043872285,0.663958656716641,0.08657731392763517
-11.812382137557258,0.7020829960788264,0.09811233146305501
-11.773283603787617,0.6957155950284833,0.10779959094878744
-11.713671108620375,0.6760365025248032,0.12818916875801428
-12.027646640079162,0.7360643690180918,0.13566465512122844
-11.772564949498374,0.695019794969316,0.1292459258951005
-11.560429949089645,0.6515626174560105,0.09808088565953471
-12.005147408006273,0.7009803379956983,0.15743896655476328
-12.104395065021828,0.7357383177716273,0.16561329275896614
-12.14572997477372,0.6925084201022225,0.19963318998497132
-12.264787605290694,0.7527672467613952,0.19605599685867067
-12.909053885450199,0.7673673376491378,0.34317004592877604
-12.738012738970752,0.7435071273784051,0.3212673567180888
-12.44275635314514,0.7421828342909444,0.29151038422049824
-11.608520456041187,0.6221687134409043,0.13200275779213122
-12.90949256172093,0.7667163349888976,0.36240146287876346
-12.61116806621022,0.7607894481434136,0.28911102311670955
-12.161768050994059,0.7278429707139887,0.19947047702615064
-12.588205975012528,0.7446205265879587,0.291624030503075
-12.716035280160645,0.7485607098109236,0.30585001982059695
-13.218647415262113,0.7946386148149591,0.4048648555143087
-12.388967802450633,0.7323564244251658,0.26708667702002115
-12.42910427954778,0.7322377604759647,0.2819391411583209
-13.0972611196116,0.7524490917992496,0.4033036452379733
-12.467397191181606,0.7043805246104544,0.3076872796044288
-12.736266259920852,0.7572047849478675,0.3402333202077544
-13.250270043337313,0.77610981093129,0.4271058789446975
-12.525377991212777,0.7319373130015242,0.313377052786171
-12.830016759710809,0.7362365572422438,0.38171147941956635
-13.027276315396072,0.7568216427946521,0.3976026789906261
-13.624158955088127,0.7885117175305448,0.5116883700888255
-13.080548239270945,0.7664245439671592,0.39685958893234974
-12.967859372269919,0.7480417326350479,0.39784141629934516
-13.17610111248253,0.7697445734082194,0.431631420199979
-12.555459406149922,0.7063528844385978,0.36987996126040984
-14.02267629933866,0.8281387517631505,0.5651357248976454
-13.215529496178037,0.7595140450862312,0.44133371873353666
-12.916006670927102,0.7320993635081107,0.44056911942654126
-13.177873000220707,0.7422939662909308,0.4872227869027903
-13.646396937144331,0.8050059229196823,0.5437836960377002
-14.448441271766157,0.8451630020273987,0.6432492376808386
-14.290432930357882,0.8600050955923959,0.6009665732602877
-13.661097458373373,0.7860052061273107,0.5444490094419022
-13.19844201225019,0.7527532890258906,0.4389555247658138
-12.967825959884696,0.7119539137080613,0.4271321209205175
-13.64063876204631,0.7873952485142437,0.5411161747058422
-13.948736552193765,0.8097963994969113,0.5682255739571918
-13.65890416353751,0.768164908576736,0.550751767006927
-13.881089415098208,0.797356825140018,0.5889530753139378
-14.534441873328268,0.8472306562241585,0.6727060199818957
-14.961640406941306,0.8830801015465505,0.7438507885569279
-14.042661639072124,0.791009511003507,0.6259301322853726
-14.171232109015278,0.8202929798592011,0.6217750489347396
-14.522364737469426,0.8438403982581473,0.6799958235895153
-14.622439001165061,0.8485763735870915,0.7105665776910058
-14.794935863563362,0.8578409419877355,0.7395835451007774
-14.879784674929233,0.8875504026261875,0.7390451003986426
-14.354436708589068,0.8389190121752604,0.6543360172687652
-14.141675715867677,0.7922343041169844,0.648141166281474
-14.471871145334067,0.8505433616815647,0.6944029828074104
-14.936971920213917,0.8846736367115051,0.7588237454430276
-14.338715110025117,0.8064666924150332,0.684560668475427
-14.339144057105104,0.8189076809299042,0.6901383187199845
-14.633914182433793,0.8221727203945456,0.734741252551911
-14.43080726262938,0.8094437777997566,0.7219118717304811
-14.24709308071885,0.815433797275496,0.6452442026761964
-14.84293001562454,0.8570183925994598,0.7487285482575218
-14.274839958630656,0.806277240939664,0.6836410279033951
-14.490758228204449,0.8414188269038309,0.7004534662287731
-15.246915337292652,0.8927807890270598,0.8125324369619699
-15.327529170252848,0.8887248987991007,0.8462436813028825
-14.93541087111462,0.8665615212239679,0.7865391077845447
-14.470378339263407,0.8278827763245505,0.7270223530633897
-14.634282475238676,0.8234467167149138,0.7386250022719363
-14.445393153285428,0.8073835647776892,0.7207448816228043
-14.565554635660154,0.8318416824948391,0.7358706691524424
-14.962958252925157,0.8383859551093534,0.8223677641646824
-14.800298032642113,0.822550777204669,0.7724429998051746
-15.157059065152339,0.8515387545955949,0.8301026297917629
-15.138397036968252,0.8579903689332605,0.8313144462483444
-14.787129870490677,0.8157859189069562,0.7665864941659659
-14.710234612199054,0.8319072000756064,0.7353158108227591
-14.607476545014453,0.8078984154124724,0.7668100551673251
-15.511823777860013,0.8848328887781437,0.8793518621145223
-15.621132197114466,0.9018006451987097,0.9082646610631041
-14.794529583059248,0.8155330858491412,0.7927821864020679
-15.101476679486803,0.8523876839241863,0.8367352323696384
-15.814913744362993,0.9073947588080661,0.9493511387470907
-15.449225426745299,0.8659343072959249,0.8918566043089492
-15.301177850001341,0.8565366018698428,0.8740123457141922
-14.89153215336177,0.8043272352789408,0.8290778537509664
-15.509649563161453,0.863789994517401,0.9065731036942717
-16.453354030946674,0.9354036138191391,1.054378025388248
-16.29499761082021,0.9144344390612569,1.0264899931459752
-16.454621714207267,0.9470794456444698,1.0597731974877778
-16.34184334345134,0.9207325817248565,1.0516078507496531
-16.119872908937186,0.9140353480651741,0.9906415947446654
-17.29637057089999,0.9997456146919574,1.2225433103442076
-17.126525051691942,0.980208763528174,1.1785163887919436
-16.576372183388624,0.9423637990787096,1.0745647222531198
-16.78815154956075,0.9666095627268837,1.1363666469020945
-15.848219118428549,0.8531813029258514,0.9905609161186288
-16.848313150602973,0.960848015677516,1.1623540593034143
-17.830331906125483,1.0072787124877451,1.3406984342880466
-18.12298983071753,1.0031569289713056,1.3934595134461614
-17.240349073210517,0.9741125377801121,1.229521018045876
-16.903115282951095,0.9329695662839781,1.1763421227233037
-18.306696054121595,1.0278406121580441,1.4393684866892142
-17.107955777534766,0.953499260925088,1.2034748732427478
-17.411961317727528,0.9819895450479378,1.2531141424977073
-17.543819779577166,0.970573490985855,1.2761220681273833
-16.723732515796957,0.9530130059682754,1.1374169360952693
-16.537928068129425,0.9264943496734943,1.1170680674657376
-17.004210731619324,0.9657079601934978,1.1789024153915486
-17.15627951623391,0.9775708487486544,1.2008904223992574
-16.82395034344856,0.9492552375126991,1.1561501955810174
-17.272251473655672,0.9544144578842042,1.241315314527723
-17.332322670446768,0.9793534259309934,1.2338827943938198
-17.23808997783291,0.9614882575923479,1.2480499963138778
-17.451658453729163,0.9730708636228697,1.2930318039456514
-17.32377723278985,0.9592751384951116,1.2653971469019416
-17.844967426485884,0.9650797913619674,1.3617591151457589
-17.74047505396541,0.9959133874235927,1.329396040922319
-18.287158911185596,0.9999726596959112,1.4513633686370206
-17.446964823165114,0.9609968079774339,1.295996579207704
-17.54402705250745,0.948963927156379,1.3082737829073765
-17.262017679773084,0.9391116610831732,1.2675639003823564
-18.69184399025401,1.0266582868290122,1.52488098724419
-17.39196326118946,0.9663675229125693,1.2801767879328503
-16.776015346353404,0.9333148492611338,1.1698431972145749
-17.258899391502872,0.9517483899699626,1.2495631006970584
-17.44643216790063,0.9828803645430091,1.294698484590848
-17.11175466365884,0.9528972041363326,1.2268423660495
-16.93466606101308,0.9244396419569272,1.2135004149216815
-16.639890674209425,0.9061680201208904,1.1694235358464724
-17.20030208784658,0.9301602021950802,1.264076295520787
-17.654386730313792,0.9701764788323868,1.3226272867608024
-17.53819363591772,0.9621254829891335,1.3151561430549121
-17.55880695840468,0.9548867123907234,1.3325371627888742
-17.74313130052657,0.9493636546574568,1.3374964946048717
-17.6068905604395,0.9583257444314065,1.316013503481526
-17.365730948527972,0.9417045516673456,1.2838758725383572
-17.510137735544223,0.9509891061736379,1.3147883432520315
-17.75416403549167,0.9717681847992976,1.3625639498051638
-17.551366611665504,0.9546563476781258,1.329956340990237
-17.88783897952229,0.9624565993649012,1.3795671170038315
-17.39647856962807,0.9392025550544519,1.2954001355181095
-17.609588063354284,0.9579067629621737,1.3449178246343318
-18.05692033583394,0.9894337872461323,1.4445456796945553
-17.16867077233041,0.9132921499324473,1.2599944819702436
-17.754076744631412,0.9598656099215566,1.3734985966659408
-18.73940574691938,1.0114059633824264,1.5694040362565764
-18.74055455134018,1.0117569435800002,1.5729214844109185
5.032005247876669,-1.7374087910274651,-0.7408943930102455
11.626319130207792,-3.2831657015703883,-0.7465128666208336
10.82345764661888,-3.032108992787766,-0.7603185317358868
10.782750083775616,-3.0645296150885803,-0.7693691431904212
11.427685603982464,-3.175531727969112,-0.7094730148885018
10.876003223385025,-3.0809134062203944,-0.7509584633062657
10.831386853580147,-3.0705110362564283,-0.7625036260088635
10.772941054787882,-3.020230632029066,-0.7487212261657665
10.697935747384035,-3.012722094785709,-0.7702651125841846
10.829249093906185,-3.082533973644684,-0.7443352862224527
10.984522608680878,-3.101723400389458,-0.7239657843216658
10.88949801265305,-3.106241859473687,-0.7038228285772953
10.774568476785365,-3.0622479573175525,-0.7181762645094794
10.624839784849506,-3.0085577786290387,-0.6895367599232578
10.844431233061492,-3.0810233840207384,-0.7157736908660991
10.676792484812461,-3.0408077497343275,-0.7229731922310076
10.565018819480336,-3.0400969188200047,-0.6928111894929194
10.640083271755431,-3.002544274306737,-0.7167866620702036
10.657527381112308,-3.041496297975246,-0.7084691945533705
10.91429619660886,-3.115629643918045,-0.642537725984058
10.694782329221074,-3.0946084545447654,-0.7047185663526573
10.564972435885267,-3.0563439987068692,-0.6375192142281243
10.438535603874488,-3.050592988956369,-0.6692216684188151
10.237379821393928,-2.984312099711113,-0.6434295032932914
10.576928939704127,-3.0788737190540165,-0.6087147498154787
10.757607972562889,-3.115953787577574,-0.6622290568261238
10.168381272405409,-3.0235124345367876,-0.6773930654966283
10.25512325526379,-3.038693196190957,-0.6293615386885768
10.594899039363607,-3.0670175991747928,-0.6206888088491959
10.567937686109419,-3.127303870785552,-0.6317239305589825
10.365919651827568,-3.0468200797984775,-0.6167640116381721
10.13614166828275,-2.991265141645762,-0.5859788002487678
10.233175568743409,-3.000401056543879,-0.5994025970018674
10.165129583578873,-3.0076590224614344,-0.6096557198988185
10.161210309440074,-3.0575742104716936,-0.5820440754029954
10.265074477358999,-3.0784772743126885,-0.571492021782599
9.868677914502724,-2.9339972349090027,-0.5686165190013436
10.072364441441398,-2.993351238839671,-0.6036983056862717
10.32832084900645,-3.0616692759101083,-0.5596199393268474
10.345585212315234,-3.076381947410315,-0.5491723587516312
9.698721283130345,-2.9631169578276224,-0.5482934725821946
9.28816783306139,-2.890660465297687,-0.5408243634783647
8.90340615878484,-2.8341760357831656,-0.5153872550931643
8.830531225702748,-2.812072218458701,-0.5112169522952947
8.802653948816964,-2.8196196727645058,-0.4854536765987206
9.109760564051221,-2.8495228236347674,-0.5020632805699713
8.823374139983164,-2.812543114265092,-0.49367421478374074
9.166914850691246,-2.8657554645616057,-0.4708314095164485
9.482834310087354,-2.9053298082603427,-0.4967313371946658
9.44315464721527,-2.9137727477025983,-0.5352537826327878
9.351615855560995,-2.9289762161085524,-0.5160040574902619
8.745822256972648,-2.8334029358609136,-0.48381742158542196
8.921260523894837,-2.8269355536792555,-0.4833399937471738
8.92785892114154,-2.829451269102885,-0.4679721209204263
9.453200677438543,-2.9329911163463662,-0.5037910763257794
8.305607589692535,-2.775005262397514,-0.43115829214963763
9.589778294355199,-2.991653964192225,-0.46145855232971206
9.678226877074058,-3.028212386473671,-0.4923262390135132
9.43308380259502,-2.9655786620219966,-0.45117369173359123
9.377306910771733,-2.9447710115057486,-0.4407234156155137
9.570783650012093,-3.0075301215526506,-0.49176355772948777
8.891725723981292,-2.8634892355397557,-0.44557434142397545
8.771124078524927,-2.8711985740277877,-0.4006750745173217
8.475077135090496,-2.843802408503001,-0.3902370531924338
8.773101278524006,-2.878961024439787,-0.4019776552725996
8.35704547383402,-2.782373755546746,-0.35846411975154896
8.61349349145263,-2.8792940984629722,-0.36961572191291875
8.458928377997651,-2.83543608723514,-0.3502818135230572
9.271639894206599,-3.0304917118984034,-0.37872549614575707
8.781709888763507,-2.8876596751635737,-0.3729768992083087
8.43513797864999,-2.8260319550634554,-0.35562442029290325
9.175647973540066,-2.946333473711947,-0.4110449063856271
9.198974654652728,-2.964395163754109,-0.4148356268274213
9.351811089262585,-2.996277510788966,-0.40495314110056657
8.978669321871065,-2.921246438782193,-0.38723462011919885
8.753722390010838,-2.895745791596821,-0.37213827108554365
9.453068945753893,-3.0475964937056155,-0.3870417224494803
9.068864365032573,-2.973797354286765,-0.3715423097809076
9.136559894204288,-2.975979335970015,-0.3620285420818354
9.1750657760592,-3.0077956282576404,-0.31957853343238607
8.907174685206373,-2.946502599375378,-0.3773560354200832
9.183570351612435,-3.005542058361811,-0.3374256954701543
8.861693047489018,-2.9553723122201676,-0.35284443559539636
9.216693130011864,-3.0024938164429495,-0.3803978960320043
8.98476734248884,-2.9600450298393155,-0.32453221150026046
8.810415210145456,-2.955666123161471,-0.2802994713445518
9.142975615626003,-2.999593614553985,-0.36966772765407296
8.91473152028559,-2.928765793043437,-0.3391448868198406
8.732588282970593,-2.9492803275382564,-0.3151786615846383
8.689300529791321,-2.9674858370950514,-0.3164008758703604
8.550373997881682,-2.8996121581824434,-0.303682901955407
8.73194377259942,-2.9746348667453715,-0.29592175474132537
8.838279985836765,-2.974341062332179,-0.3398675764110457
8.997441261425067,-2.96212820940333,-0.31931153687789543
8.460841869426917,-2.910994404176084,-0.2700141978375022
8.690855780237916,-2.949024209068512,-0.30730790694539795
8.700426821133231,-2.9308635394581977,-0.2911868487174662
8.312400635833885,-2.896568193763754,-0.23954940645967415
8.698042081361896,-2.9735298414288907,-0.24793700387145007
8.896836082457057,-3.0017063751969606,-0.2755317310895059
8.237087852810816,-2.912780676781971,-0.25105758470394973
8.34156737784025,-2.9160375759026356,-0.24545091541054248
8.39986459008469,-2.9270697365003735,-0.20911265489671432
8.248496403380452,-2.920752037574377,-0.22512831418416684
8.573629964001752,-2.974546839565219,-0.2530721347063899
8.329016423720258,-2.930643442434953,-0.23672995568429728
8.194637874311779,-2.933036364932921,-0.21868399931212523
8.28493889144549,-2.8947214873939062,-0.2299626096815012
8.377157706234739,-2.961937396623254,-0.21060493421211438
8.42247162508827,-2.9648712001734125,-0.23892133483241065
8.081910051181314,-2.863931156864838,-0.17215387913887092
8.044460265663098,-2.8875811356286523,-0.1958415611349312
8.783073090036318,-3.0094959852370695,-0.2365869984264303
8.588054402557162,-2.968880249712833,-0.21354961068736475
8.354117760862122,-2.9727362174922103,-0.17805874472903957
8.181839733537416,-2.92780725002221,-0.18468895853791809
8.394193511848634,-2.9625451100017925,-0.1921244804276653
8.295107700888611,-2.9606166259867726,-0.18410974202911812
7.986297105471206,-2.8897413832727468,-0.13304835980055865
8.044853918280044,-2.906310934453007,-0.1662235858148455
8.160697804694678,-2.9499415495308092,-0.1661502184003744
8.406146268051456,-2.973555821473597,-0.1791080336969795
8.159095220526599,-2.966190963227665,-0.1795682474522822
8.006349719182605,-2.926190685205205,-0.14210864141226626
7.827305090971224,-2.8853209499025883,-0.11718831479641258
7.910365523720657,-2.923084570176393,-0.13616697779383383
7.976237764998629,-2.958029830934251,-0.11442905897697343
8.345551443671482,-3.0016414549265584,-0.10931086252065092
7.690049517980626,-2.886846411343473,-0.11227858533836511
7.6352759946939175,-2.891705348850025,-0.10715946395073656
8.066243324502162,-2.9737685259100384,-0.09155171615885388
8.026666281820726,-2.957245024004349,-0.12639387248475678
7.947232351947866,-2.930534997862039,-0.10716651700805394
7.789101493634146,-2.9213798864815987,-0.1076689493596159
7.4352954985200475,-2.8523607721038213,-0.05871744350133335
7.731871736005118,-2.8979046637145003,-0.09499035164873429
7.8004429677215565,-2.948585399264102,-0.10324019089909506
8.167867677810667,-3.0108060461235655,-0.08117093309815654
7.573514536751854,-2.889257135065737,-0.06575630765875992
7.486879659805359,-2.9107921761463142,-0.04475215838258966
8.028530895909602,-2.985620639887436,-0.0988428456174271
8.075134801370096,-3.005833651067271,-0.054401915524922614
7.516906207394952,-2.90642837079778,-0.04949505894023364
7.668608660084584,-2.9182479162733626,-0.04542599583004818
7.277110410250669,-2.852087741950309,-0.022312905746259847
7.279746410979108,-2.8737708984769657,-0.05057063410964267
7.478174990020062,-2.9227838317222536,-0.05351318582634067
7.6395809505065975,-2.9345386607058255,-0.03635618952762017
7.1409903607786775,-2.8537454628830363,-0.015615904661369006
7.214806146976121,-2.836281864377155,-0.022876687293213252
7.6175207459078695,-2.956128206315135,-0.028115467001076283
7.5088970698253314,-2.941920663287496,-0.0386190065426657
7.173320014864563,-2.8769650981418406,-0.012909309352317665
7.100796947267685,-2.845616456723842,0.012142789377410463
7.2073920166707435,-2.8512121456952126,0.030646687878059346
7.334356944277681,-2.882371712569277,-0.002787636448107211
7.034381005676591,-2.8442070198606633,0.016652745712133966
7.321063954041837,-2.863432888706561,0.03090593303620309
7.337075597147572,-2.9168332716386702,0.017980033963833627
6.972822014954173,-2.863286094976452,0.05208885036702659
7.13753214483639,-2.876982934743295,0.0799881092724747
7.168822360524077,-2.9100931399860896,0.04604446993781078
6.661896982792727,-2.779172839968952,0.020249457157437284
7.019708120489183,-2.8640563166737363,0.03981405506174847
7.3370135757404205,-2.957705243414892,0.03116552160722304
7.374533501915439,-2.9707814039995415,0.028147211198842375
6.9889447260396835,-2.8834752446269873,0.08339288018864136
6.615165735533724,-2.7829460436316364,0.06653575945958363
7.298423226752274,-2.927198783492138,0.06060212992353061
6.802526304166474,-2.840326256952881,0.06139431391526842
6.4561873355788,-2.7773813810171166,0.07935790360584596
6.678496694609439,-2.853526340391294,0.10362738822110781
6.65250141196145,-2.8218241822838883,0.10960155231452687
6.784723952154354,-2.849942278893528,0.06980050804439794
7.1297020173052825,-2.9292579197614796,0.11309625750612544
6.776846220910434,-2.8606101607262056,0.1082391569235484
6.596783879540385,-2.8445827228055656,0.08584328662904814
6.371734962662737,-2.6960859933950903,0.044988884380425635
6.769329869162923,-2.8545245897223555,0.10801490860057733
6.708504618381855,-2.845424223832829,0.10840247071968905
6.41897377977672,-2.724666322347028,0.12486005994385656
6.338566769923349,-2.7315796527338367,0.09255642144686813
6.585967306394709,-2.841807201082759,0.1312274742392976
6.6796713169952895,-2.8207407862052474,0.08315277066991784
6.464375005004116,-2.7921655659225197,0.09291178882850692
6.506453582828827,-2.8106922065873627,0.13584116728936302
6.210130645540929,-2.73033078958222,0.10092351996269164
6.12757483440404,-2.7411236486924766,0.13291437616084123
6.326110820961269,-2.801222515971718,0.13704775508538605
6.744867486638701,-2.883193959900761,0.15897567903829857
6.071655505652016,-2.7201237872305266,0.15448722627761666
6.369726427700194,-2.8222659680058375,0.14507679000882828
6.431470910057226,-2.8444422717614932,0.14486088475452563
6.279953733272867,-2.81986810735419,0.17677880309229912
6.1382167101636025,-2.7393946135471374,0.153548229501368
6.077246477954946,-2.731265915078482,0.14459534624095324
6.657536518094235,-2.8385063949746288,0.16208824676001918
6.847319949212206,-2.902707879084739,0.2265501736933969
5.965550609323229,-2.7130383229420327,0.1640533961306945
5.958357797988369,-2.710586406461204,0.24520433512143108
6.615980332234017,-2.872165238999096,0.22239464430809358
6.186771579033541,-2.781065347477623,0.21857798488228683
5.905179940385879,-2.7389642195270714,0.2391855353346426
5.778077098813793,-2.688493924925276,0.25926445109414475
5.966372227167053,-2.763743582852191,0.2082326325493069
6.067829536700913,-2.7253664525433567,0.22552825301517065
5.945104847273992,-2.74692743611328,0.26293552346577387
5.993598594502144,-2.7897984127490565,0.20179922750577547
5.892542021004566,-2.718761766571915,0.2581724131644042
5.700655993247898,-2.734067456581967,0.31888631560595826
5.81981408487767,-2.76286531889679,0.28667701503713366
5.6666168708120646,-2.7368103633716987,0.2875401889425947
5.688348755268105,-2.748519477331968,0.31298280712127646
5.461533480790098,-2.6867559633191544,0.32480326362617556
5.839346948193945,-2.7356935398531577,0.26846445712257405
5.682971956336843,-2.725258522151902,0.308288682153723
5.255342891426482,-2.673544973889914,0.3915986599924934
5.58384946007457,-2.731218214753721,0.3299147495546407
5.70332345439803,-2.7702357995112674,0.298529835728359
6.105766185129908,-2.770243587640881,0.2806517750558776
5.706851465495721,-2.7354890755004257,0.3105089667071511
5.49466153409675,-2.735637288519001,0.3501876796836948
5.894689970941461,-2.7285084735554217,0.2860978750751544
5.808177724289719,-2.801858580227999,0.3464085657140238
5.132294371633421,-2.7185960423235738,0.3706862537935449
5.086984693932359,-2.6979949268541157,0.39973251003087984
4.968253611028812,-2.623365424483676,0.3514895832595954
5.004759751602746,-2.7022085592642155,0.3446096592613441
5.139449156965774,-2.6974203597801156,0.39537132399072983
4.982606163200925,-2.6475304320836632,0.3762439866119506
4.858553336345968,-2.6221393520336798,0.3945418961340828
5.115849063775203,-2.6677370480916656,0.39026707574724356
5.6493363460669315,-2.7558481750871584,0.3433737951424644
5.3802239327359915,-2.7280130163937724,0.39128133167656354
5.199156938388241,-2.707296918900158,0.42650969962165713
5.0862097400659705,-2.7300942434052966,0.4229747979104926
4.97522007944831,-2.658125941927496,0.40009128652866943
5.182853005881355,-2.7019853055115295,0.40829409993161625
5.194060452386795,-2.7367227057746732,0.4345120214541534
5.281108054217716,-2.7276098635870585,0.40582385248650704
4.985322217641202,-2.682559230567406,0.44933367075246217
4.833667716455003,-2.6972263466848343,0.4493262071520669
5.342129544482091,-2.7297041507352517,0.401094531400426
5.258290220897471,-2.72637962778652,0.4375885802935986
4.63641168352852,-2.637995075534718,0.4793079939604168
4.91521914966491,-2.691809825506114,0.4471900427205405
4.871308828486339,-2.6813480587178664,0.4683668985826078
4.928258903204009,-2.6706165844792813,0.4387068742161766
4.70401500199305,-2.652933374119199,0.4624714343907136
4.701367832691104,-2.6638372876252063,0.4710766499501222
4.834587567934183,-2.67302255154916,0.4461712177836327
4.697234022778944,-2.6828543990255085,0.49154060080379974
4.702670562974881,-2.6744207427112037,0.48980450466689096
4.754223911566297,-2.710019649142294,0.47972860995745137
4.653793226890357,-2.6778570758939924,0.5133625954743967
4.712109297918115,-2.67381309431875,0.5010331406782509
5.233347335602503,-2.726529392228541,0.45956688268160456
4.799731141764771,-2.665536906313276,0.4801477631591677
4.462882359909086,-2.641865511154855,0.524310246995769
4.243454695793745,-2.561352686686171,0.5303079768179461
4.768182033633571,-2.6742465814635414,0.5301233889164756
4.633326220835384,-2.641306248084785,0.5062437163250079
4.083798307800038,-2.507002426950859,0.5194421372990302
4.343237842589173,-2.624976371242557,0.549794228438323
4.639854723939849,-2.6311605114902745,0.519901024249919
5.011026653895597,-2.741058276594783,0.4994137583497217
4.327247588763958,-2.6612121243056186,0.535916534759693
3.990893252176736,-2.5909270679918275,0.5745703630343448
4.370531203146105,-2.6520629435971763,0.5418228100524345
4.152858796108495,-2.5675092786936564,0.522569277273026
3.855949350388578,-2.550808828432849,0.5554226942335837
4.340511846506008,-2.622264492083603,0.5260876408744611
3.97396344195776,-2.5548529425392013,0.5398080680174107
4.579269818663863,-2.6786984429887006,0.5168974058034095
4.1387917996196855,-2.588571294195001,0.5940874555980147
3.958455925130528,-2.596933968363424,0.577415395532875
4.179140022651434,-2.6212063004231045,0.5651016052811206
4.053100449447286,-2.547298619115229,0.5576032311551399
4.561650941842027,-2.7021651595993283,0.5425620742819689
4.269098966566693,-2.6080445019012473,0.5859992041957812
4.006511878530734,-2.5541653915927696,0.5603390492853039
3.719455959400656,-2.537087733199675,0.6181114236781553
3.9157624211523276,-2.505891285076795,0.56218750844013
4.12473306829146,-2.570666867681646,0.5729882360342163
3.5992418635737713,-2.4941517721496527,0.6084578831958013
4.09408356437242,-2.6009649801008967,0.5895129415744317
3.9976048815773066,-2.606457007523522,0.6113812259288581
3.882002928748213,-2.5754608831949284,0.5788008654432365
3.608150022873767,-2.528726392003346,0.6650808368890126
3.4659102918480724,-2.500854588214753,0.6313427003314527
3.6778044785776,-2.5142162086369306,0.6321019290356225
3.982176423821786,-2.600742714875748,0.6472917037139694
3.4206690255366063,-2.5163674623970236,0.6142167098782102
3.525511520600367,-2.515227379144982,0.6707607074160992
3.604294584416428,-2.566279509694903,0.6677590125804804
3.3608563400252534,-2.5251345676179175,0.6848118968544277
3.3980510007760683,-2.5141702959671504,0.6836523747106479
3.272487482993165,-2.4776030607046207,0.6717595967707161
3.920258008811248,-2.608335584141401,0.6448839107132619
3.6201613155662438,-2.548832893802396,0.6685016404854545
3.4643076012897334,-2.5050601971264137,0.6857054033477709
3.2798726158194595,-2.5369114451032475,0.7123699925158556
3.5836284036076083,-2.5740185784314398,0.7008037452624912
3.91271086604775,-2.6419116828447216,0.6474223239976126
3.167323221490982,-2.505242164553838,0.7042432231954413
3.411211733827225,-2.5262569227556093,0.6974634671582779
3.5723807523416395,-2.5803542291485613,0.6732377406620423
3.1761853812176897,-2.501511674303401,0.7126093928969961
3.0786548047093203,-2.4701473014825166,0.7308298416608879
2.7448312307534617,-2.390671334112169,0.7073281274837901
3.118775194737865,-2.49203852956805,0.7229383406433191
3.6888812534902633,-2.608194454376802,0.6826233892062263
2.757050055280484,-2.4478559842673526,0.748133728781454
3.3527384760028434,-2.5914292367291116,0.7641441450306331
3.57478933707679,-2.581368841228291,0.7248513544825659
3.4230368854476527,-2.6099747993073055,0.7274380591409306
3.0822504961958814,-2.535174966324006,0.7650727615786143
2.595112845629535,-2.397870154802206,0.7680342360283822
3.068335983355489,-2.5241114502124056,0.7521363590227013
3.0021119393986053,-2.481665226428419,0.738324511601893
2.6540653922249495,-2.440501710660287,0.7815887244864855
2.975058094184292,-2.5303668582780925,0.7907770138370918
2.9207236313394973,-2.4723415448509187,0.7764827882963221
2.6189818986159206,-2.4418683493031956,0.7835245426540476
2.9634866274041363,-2.4752658557854277,0.7684735754285256
2.970824043714465,-2.4935589602010824,0.7859819998997911
2.400482039708598,-2.4192449310505926,0.7919311376344339
2.2947908771129013,-2.344079065481805,0.7575279502001666
3.2134827418914242,-2.55783091256487,0.7563003967829512
2.634286574884901,-2.3803167561624896,0.7034034935771716
2.3835643716792894,-2.366549356549784,0.7400109960125765
2.453808440739081,-2.388406300774199,0.8010256982621553
2.6293426566529936,-2.4014316651330656,0.7322515991833505
2.905779482605184,-2.498096994386076,0.7950001254734349
2.2288646663125804,-2.3642800908525707,0.8270077597169776
2.269355039367874,-2.3767096877211658,0.7793570353815357
2.675963186697565,-2.4458590670061473,0.7915391887675212
2.5118543849481556,-2.400579724402454,0.7528371275678684
2.526344181908393,-2.434412180078176,0.7757706953689967
2.475496734850776,-2.3955739191410865,0.8013793604573531
1.8975426676901161,-2.2938922550067042,0.7979485137661038
1.8436565645762246,-2.229034970045626,0.7497486510120003
2.3855278782958487,-2.3505039377372845,0.7630211800982926
2.202918766313826,-2.337318404886745,0.7600461309810069
1.6697053719506476,-2.2288591100145068,0.7939397369242738
1.7990292561087171,-2.2606179898927143,0.8184251669110838
1.8811587284257274,-2.2695585365517608,0.777427676164877
1.928620096949713,-2.2747331856017565,0.7932535707350217
2.4777033363544128,-2.3874843688824745,0.7596615372587855
1.9475987100856806,-2.2789348069014173,0.7609704517004166
2.29401057979631,-2.38569469762239,0.8167599672353408
2.134814079085928,-2.352063627419321,0.8093081164126342
1.4627656206149309,-2.22149239862906,0.8176548974339908
1.5588441729180127,-2.236891869020315,0.846281074939541
2.2361024447472584,-2.3851247070181834,0.7845193895221315
2.3196240526265766,-2.4327620080915695,0.8220467788651162
1.8854250636193608,-2.307660154863699,0.8619852849750276
1.9715876939396788,-2.405736239819705,0.8832783308422718
1.4623623351083175,-2.284219602810052,0.874379162437771
1.3435675500454354,-2.211009523770464,0.7878228221961825
1.9041236241717276,-2.331295342643651,0.7883178167148791
1.6668460546216113,-2.2658719431388845,0.7857857023234308
1.3672995572850124,-2.228260009899858,0.8536784652331009
1.353770106877339,-2.287616993644563,0.8861885300964921
1.7054566634926853,-2.2509252088739653,0.8050448953216157
1.5959123867810057,-2.2729910196718106,0.8536626824202754
0.9894150744573378,-2.199412600880778,0.888359004495719
1.0423030847790842,-2.2129749658086384,0.891752219194891
1.4583989290430335,-2.2818794521826002,0.854156347634146
1.4783779360424243,-2.275352632994234,0.8398613947597079
1.6974478624111007,-2.288449614898636,0.8623283868352688
1.445345864167378,-2.2548076375491415,0.8829226631003153
1.5390253714482525,-2.2863826958992406,0.8341240374843353
1.2578744994074043,-2.2044486335575693,0.9011535894105257
1.3731707789141832,-2.2556801409265437,0.885762358167566
1.7691488361466654,-2.320601426763359,0.8608007998538417
1.139354471501172,-2.186028389789391,0.9056226353939097
1.4855396907510852,-2.2738912500479667,0.877973455234902
1.572942903855176,-2.282427721909863,0.8851175076563237
1.5040031969270953,-2.2855437742398035,0.8838553769016326
0.9130734589425787,-2.237429705790577,0.9614852923033478
0.8383760658564615,-2.1858504981308973,0.9502606815172824
1.9147759510800542,-2.343308086249846,0.8818687099064142
1.0204439589555492,-2.221450531001878,0.9043228260698065
0.9755870388241992,-2.218344695398581,0.9099624970822034
1.3996956706767156,-2.243398100646058,0.8934186680912607
0.3557998410037119,-2.0818495706270483,0.9405736657632646
0.44269969078661775,-2.131608665680467,0.9242175936302434
1.1825228493178994,-2.2482266015961914,0.9025774025560054
1.3675723678723772,-2.2838305977206796,0.9324501640263171
1.423791054872789,-2.2777490312865,0.9084650143420439
1.1493048481346426,-2.257815953581228,0.9200896773450619
0.8763060023509145,-2.2304316163339966,0.9910937610751426
0.8523604857900157,-2.187313390423064,0.9912251936676246
1.5399232611812088,-2.2971762812320753,0.927601995831731
0.6093448548460451,-2.1636259394470376,0.9471108216267208
1.0779548008333262,-2.268078489598966,0.95849360580033
1.0418158160801416,-2.2645998700716197,0.9629674260432238
0.11913417685533564,-2.066322480943601,0.9709758402278362
0.653857342882547,-2.174946333012361,0.9519189336539281
0.6655913653798036,-2.184269283783792,0.9707213902319317
0.7908796879361367,-2.2370848199999296,0.9296599711743905
0.7359773796678905,-2.2080025643981718,0.958084003485916
0.5606523680580144,-2.1775020494103376,0.9596189147093758
0.29884983697823314,-2.1259089686949966,0.9856485742161443
0.30611950865248844,-2.143376653109501,1.027526150075132
0.8658772254301477,-2.2491576534905096,0.9615977297400528
0.5116852024250917,-2.1541700792833183,0.9657033083227573
0.27931449579611145,-2.132124191405312,1.0144385985831896
0.22372481565361585,-2.145383971485677,1.0176044114695648
-0.398106315905443,-1.9710307591828986,1.0081004428061964
0.13995275985894523,-2.111838501088898,0.9982800574281776
0.24490076903904892,-2.1252947824201383,0.9941024316332615
0.3445156106037352,-2.1585893411655483,0.9914485550994407
0.11509544511407546,-2.0961250980934514,1.0193934809248864
-0.059220166245448506,-2.120650638152519,1.0032612200469782
-0.0325849157079572,-2.116276063505956,1.0059536910682123
0.13110731170114157,-2.11837465158182,0.9995525349291834
0.42447135290516885,-2.1668693592397714,1.0008448087417219
0.18926624237643483,-2.1154947949205254,1.012337411702474
0.07975448967417027,-2.130654032123506,1.059978917635705
-0.09501274408817756,-2.1105898901518265,1.0586472480691138
0.29080996732641073,-2.1708065282730007,1.0094663254584995
-0.13799645315638814,-2.0953061374261415,1.0337487871053497
-0.10281456783010141,-2.1033599973686714,1.0653427681872225
0.21336834209610664,-2.14962083634404,1.0202413103145607
-0.3173942394908949,-2.052180371445486,1.051542988125194
-0.5817733332382132,-2.008297499480571,1.0216743071503065
0.4130879041817262,-2.178280999464447,1.0103635271901188
0.3035858775329423,-2.1609122216250682,1.031394742014419
-0.1628772591568115,-2.0929772141611847,1.0778412188503748
-0.1589384238161956,-2.0883395448830377,1.0519116346637039
0.09813766764695843,-2.122796525253872,1.0331749354868331
-0.5728843060303674,-2.030640235547016,1.0694498231595746
-0.1813250114965284,-2.071028411146295,1.0530227076324745
0.08281035069546992,-2.1259925873300145,1.024742631714313
-0.6501548074709099,-2.0037636597173063,1.0524190703983343
-0.6058489764106644,-2.017448820304793,1.0594614874969768
-0.3429891334992379,-2.100657426817493,1.044905422799088
-0.5955932266891941,-2.0148290862529916,1.054365450416558
-0.342922552802019,-2.0625050693478095,1.0603328345240024
-0.4786907655290207,-2.0642053619722653,1.0675667437833467
-0.8925314639399041,-1.95299475553398,1.0856112860294989
-0.656884747930424,-2.001773387824771,1.1020640432692228
-0.24228280669621813,-2.097357799423423,1.0538662239624785
-0.5761936823133113,-2.0658523880199704,1.0824638856826172
-0.5917025255094353,-2.058170098373696,1.084941612855534
-0.7766473306899234,-2.0216408232087675,1.103585668502028
-0.9637638266540915,-1.9548968023725521,1.1048963757747714
-1.0167088716800072,-1.9262344054407106,1.0668879087767824
-0.7556971135265236,-2.018638011260867,1.0878131142960112
-0.8027232501460446,-1.9846048865023938,1.0878555026040257
-0.7551275145602843,-2.0072673608538825,1.0775691153890399
-0.8530640924370161,-2.009326522099811,1.0871978418701957
-1.2602089336632476,-1.9118025240076748,1.0914860826808466
-0.8721469779454484,-1.9764741700611148,1.1037002314799507
-0.8192647249438221,-1.9864743029469836,1.0813655686978112
-0.7370893982183203,-1.9834893822046489,1.0963253667633825
-0.6954185900300164,-1.995777070266103,1.130781045326191
-0.8456859629649294,-1.9359524123131178,1.0987132070972823
-0.4063943669019089,-1.9916028377628026,1.1338150511773695
-0.489561729570676,-1.9805225687741632,1.1529468194983743
-0.6887550257726435,-1.919530282788669,1.1547804494014655
-0.6323149343866125,-1.9288130371707077,1.15408404697985
