PC1,PC2,PC3,PC4,PC5
18.497881524901164,9.080990369076048,2.7345627306637126,1.032710064174535,1.8623495022852838
18.380640342067707,9.181942101296013,2.778275016573115,0.9846514722063551,1.888748181731604
18.635585701415714,9.077834341681125,2.7587996937804493,1.0349584528096383,1.8622546927420953
18.41669306526257,9.067613362258115,2.7709922989764557,0.9644730050977836,1.8754452186495136
18.05068357680796,9.144307334411947,2.8222525914961993,0.9036083467164634,1.8298971955178658
18.18944294702089,9.115704304959802,2.7931074983329065,0.9182081921983872,1.8602899274691682
19.121254533669948,9.166604845725747,2.6642174478509135,1.096247097840112,1.959693861490173
19.08320442899805,9.154723201884497,2.68925741706966,1.1267626019925938,1.9333865760004085
17.823381801045382,9.147798471153406,2.7826937751814094,0.841629462694658,1.8107541991541405
18.13699661932583,9.132723264595713,2.7530322603905857,0.8715868391473366,1.8221311965913256
18.1819340299366,9.156492684660803,2.6960437095439738,0.9414327329689163,1.788039161299163
17.849108189081363,9.113498483476386,2.704607809191053,0.8639800115034489,1.743085962022505
17.696981427955077,9.15041725345984,2.740619762888259,0.8344028567925194,1.724502927911094
17.1801996102497,8.922071482322494,2.6028042270040763,0.7339800689792195,1.571432234409849
17.569858749125398,8.71408355594167,2.46137577648732,0.7850244637638948,1.5701185077455853
17.516635325494196,8.73387394976773,2.422962811411207,0.8191569765659192,1.486689958772263
16.20613008994641,8.624993114051536,2.481940220867438,0.5475185079438593,1.3089933342526054
15.873198544572315,8.597702540334495,2.4784302205384026,0.4992614436013433,1.2519800548693099
16.63790079584214,8.569232573370673,2.3524610055942135,0.6757322152947186,1.2764896158670416
15.449992968250553,8.562760699693728,2.3986012625249518,0.45680056192660345,1.1099138857925044
15.480341013370236,8.437993953291105,2.35044475493971,0.47570219521893004,1.0686589215725801
15.986630839369411,8.458404915975636,2.2810667168651997,0.5810929652155338,1.1096863095486906
15.372714753289518,8.357143925230034,2.195265621750575,0.4519358630123611,0.9496401207506109
15.717894495246835,8.316972691627495,2.14770443623294,0.5308614929398079,0.9603303256784425
15.423030824675902,8.299833501259108,2.099732643886708,0.4844751772361321,0.8416084642566005
15.321174280906606,8.215612864862104,2.0878292403217924,0.46502386980533095,0.8035312158702047
14.664534242511191,8.174930995718462,2.0580651625061237,0.32899304883321234,0.6509436351183915
14.411141538877242,8.141345635264171,2.0395292687899325,0.2966320208265646,0.6266796241680929
15.019884407644394,8.06659714303405,1.9001921196086988,0.41430822842413,0.6370635813431864
14.698329159823203,8.052186193969407,1.8922417501568956,0.3491402051608685,0.5805070299204819
14.638540137341476,7.9729942954034145,1.8196467855500273,0.41658810939815843,0.4409169190284047
14.579429914473016,7.910189332015519,1.7651696563179018,0.3763090377061177,0.45873363577845355
13.877345595043101,7.830257090031059,1.7587996714953864,0.2263217470266041,0.29080928224578784
14.235727498575777,7.83324368188341,1.6930577350552796,0.2763781888837287,0.3180992000419772
14.113164738805866,7.675635259839454,1.619277328155829,0.275575936969484,0.30056075990398234
14.530526561842485,7.693580214810857,1.5381375640315322,0.3372864022791277,0.3096796184563086
13.770459473994661,7.556281087828945,1.5458874323908207,0.2079434940614446,0.09395135936723753
13.611192695708189,7.476179021306011,1.4952464970884034,0.1562873217318182,0.1081890278376746
13.610349338013734,7.515710033845559,1.464273867315962,0.1733873798071992,0.040684630630643426
12.477768137261604,7.443362745381088,1.5128672003536814,0.01985364258331323,-0.08159060659350584
12.99849233040835,7.442574391997734,1.402673761094818,0.0937853710605275,-0.10165400885254765
13.250632565047262,7.425383609444653,1.2370576557550323,0.096195564754739,-0.15134194386485927
11.660219901758145,7.361346601667118,1.3868003890661225,-0.13575444592605526,-0.31080348505601696
11.933101738765636,7.299974449316031,1.2535557540796616,-0.11640195519947555,-0.33994105300245864
12.71154733088982,7.303057350571164,1.134667707131145,-0.030578251508606734,-0.3156744323038797
11.841229494166111,7.2881707034646555,1.1440159504888718,-0.14814894307990112,-0.43279360071377504
12.086083237073614,7.202460467377084,1.0751852841452936,-0.1230648207950375,-0.4455169926732009
11.966489188217203,7.226518681659133,1.0196737740498676,-0.15686029550235533,-0.4674922043380611
12.257924133549585,7.081538624338708,0.9137382106687293,-0.1329281943112653,-0.5265492543404705
12.876144875155404,7.02518525366546,0.8565197383895373,-0.028226706874741703,-0.5367331118361599
11.780121358156695,7.044051934206757,0.7907265751998745,-0.25416267954985533,-0.6378804310637002
11.549209879240685,6.927166022919508,0.7609294600509561,-0.3430218705633873,-0.649591794096408
12.157065990333555,6.882237458337057,0.693108411348142,-0.16612128233209061,-0.6785262807646718
11.985047002263638,6.842207276863456,0.6483726497070854,-0.1938686705220193,-0.7161180728826126
11.111618634428966,6.816807660139137,0.5651061840385366,-0.3245613038979035,-0.8233230346206923
10.96918931694014,6.75169249229239,0.5429374429599703,-0.33629734979184256,-0.8776294039785163
11.348739820565825,6.680555901681915,0.42786024451037785,-0.2720978779075128,-0.8676782492914502
11.130637324404656,6.618599467786526,0.4066470839934448,-0.30707737722854234,-0.92874730059547
10.11217216640513,6.593224123462549,0.40570403488595097,-0.42920133363232615,-1.0028695938761711
10.01603877767244,6.538517684331758,0.3590761995839842,-0.4390082382368675,-1.0023872294544935
9.976495947168724,6.428228996909507,0.2687713788596068,-0.4191826477986637,-1.014486803891593
10.959593984360067,6.502058478878484,0.17920489377383492,-0.33247609423918456,-0.9557872810734088
9.680098530502487,6.327106795784106,0.20055326443054594,-0.4590427777463032,-1.0729237647229555
9.473067694112089,6.2746754679477466,0.1676391346030922,-0.5045034619218172,-1.097039171897548
10.200640662122078,6.331550647575386,-0.012183338552808521,-0.40107581059897857,-1.073673636830455
9.496385061766343,6.2724141042215855,-0.01156925970580239,-0.44954186353585,-1.091007018912824
9.445770948351774,6.206504386550714,-0.016462563778573188,-0.43748293771997293,-1.1833570574842853
9.224476545046986,6.150376056321698,-0.032454448385117796,-0.46780609488211355,-1.1880878869854627
9.058240388821876,6.067773733257037,-0.1091691295421445,-0.51293404915589,-1.200453823633965
9.440893292517988,6.089934472824872,-0.15487277958760137,-0.46114587229206383,-1.1775600286460124
9.344731249618803,6.037443938329669,-0.22767865638052456,-0.45242061552641877,-1.2055774816806248
9.346922287207281,5.977685981515296,-0.29205759716985596,-0.47514991320845307,-1.215360598398962
9.31701696132512,5.906717236814987,-0.30377179937426935,-0.4559548456314704,-1.2460051417201243
8.54127533455162,5.893266517876778,-0.28502065212456273,-0.5566859229957456,-1.2408703814755448
8.565580066614999,5.710136847509153,-0.42017494648216164,-0.5554076446497432,-1.2320217026245879
8.839378860071946,5.7560738387974135,-0.4235867813020053,-0.5033473744718889,-1.2405963618558178
8.809443851799886,5.5845540588272415,-0.5224949138768669,-0.5039821054841942,-1.1981292911775248
8.667753366998951,5.588498788320107,-0.5236731835893712,-0.5205661943555315,-1.2559264966585952
7.964526524853914,5.55079645005418,-0.47411610164941564,-0.5567341337614956,-1.30781878893217
7.9916871671733665,5.475486275944809,-0.5082211605671592,-0.5470997139027834,-1.2921425573286807
8.012132857533178,5.510323906007876,-0.6424694220264634,-0.45311822350127945,-1.3024357091288599
7.447816293180352,5.448304206837123,-0.5764076135157002,-0.5339833333524799,-1.3202485816249117
7.772855619148886,5.430682831067308,-0.6516542010096915,-0.47521062345951715,-1.323701668922924
8.535915830420235,5.429913291606802,-0.7929643342499901,-0.44708237208964874,-1.2776818648323114
7.481435625533614,5.363714382421861,-0.716811946278266,-0.5087835998129049,-1.3131801031103305
7.031536887032106,5.3156432445707065,-0.7297601152886386,-0.5356362947547597,-1.309518106428226
7.953447509344172,5.280183960118458,-0.8741525754945257,-0.4553628816075042,-1.2960744947410872
8.524326153660498,5.249558136872256,-0.9347440072638309,-0.4360973778848522,-1.2326715666937489
7.863223242166965,5.111041143345936,-0.9465748746508248,-0.5149853082032135,-1.2363746002644556
7.942339089898545,5.089300285723771,-0.9098180818281087,-0.5212722638811952,-1.2761701166967214
7.697195349344166,5.045956742688605,-1.063896910671304,-0.4739891916248771,-1.2374935601264017
7.1072597304364775,4.929678677968779,-1.010897474228844,-0.5019138929015176,-1.291936677539325
7.525673910471913,4.9281105643644185,-1.055888591859204,-0.4937898776961097,-1.3099779589485772
6.901749700983925,4.821878078995323,-1.0653605151224075,-0.5480039113755681,-1.2361031086224874
6.540036006880308,4.8305352802383705,-1.069677768680484,-0.48688029331721583,-1.2189097022148638
6.707243071359747,4.825725677535749,-1.1347579642506975,-0.4357388858132681,-1.2315494541073846
6.771746425827419,4.731425846466304,-1.1663210098245447,-0.5014910530698665,-1.2227020498388839
6.698467124683739,4.726189769419333,-1.152766648130864,-0.5224951787008175,-1.231708249695078
5.5204376695105,4.680317852232661,-1.186808433848843,-0.5100618920354826,-1.2509145427920028
5.9559657993948,4.673895800898933,-1.262353364515342,-0.5100899559995207,-1.182965945073375
6.1613128706147275,4.552185115696435,-1.2604262124035617,-0.5349866283873479,-1.219624062431757
6.149474115241039,4.581322424653119,-1.3177905016557159,-0.4908976392035635,-1.2192094816115402
5.211126291782205,4.4204904340216205,-1.3241143149619043,-0.5134165716207504,-1.1458873085182417
5.447897318705586,4.455939762125452,-1.3519092238447425,-0.48705499736115326,-1.2334392700110246
5.486388318693349,4.387740485299744,-1.4144523669406908,-0.4822244985599829,-1.1532340755184225
5.316884534770647,4.286383795234632,-1.4395501524350187,-0.4587780983173451,-1.1474549461296049
5.891887121319461,4.278169934001552,-1.4983336037505128,-0.4491556664325817,-1.1453375905469392
4.202770846444622,4.229982786218091,-1.4292386255027405,-0.4906320828334692,-1.1228349016064605
3.9614124703035736,4.2414708160152435,-1.4923914923532315,-0.5847453999994124,-1.1246195796862088
3.768461483512479,4.213059619018175,-1.5122622820708835,-0.5226963687620857,-1.0825917881798164
4.400920871288945,4.166095427982204,-1.5826267131341818,-0.47494392220002263,-1.0700237902644028
3.8451751906082494,4.073620773068599,-1.5537799604169213,-0.48813399708645716,-1.0728195225503083
3.8010513718871093,4.061618242094282,-1.5656024502624726,-0.47518610356698765,-1.0652055314914635
3.51373900726996,4.018536052174934,-1.5996723942594706,-0.4826292193270265,-0.9826630439784252
3.708707102744586,3.907117593320626,-1.630969888009393,-0.488424162557859,-0.9811681177367692
3.0669298903581756,3.9262372932835805,-1.5857720906177237,-0.49949489356258103,-0.9874754265790738
3.5934374050526974,3.8153796136731963,-1.6850812739407022,-0.45956002779050076,-0.8799663052989796
4.295378788764648,3.846691212916503,-1.767013850887601,-0.4572102774063229,-0.8592542261060901
3.2464271252275743,3.741211122553807,-1.7135637490012836,-0.48170856202380485,-0.9077162440364305
4.023984422989232,3.6876994375201178,-1.7726926836500005,-0.43852496185776946,-0.8802353537892028
3.710773500309264,3.676472398654288,-1.7421960123732527,-0.45071122838759375,-0.8973201637691172
3.204539864768874,3.5908777584871743,-1.7505439105835396,-0.49202649035273327,-0.8485240180014285
3.828850794393049,3.5368985663401125,-1.820973558332312,-0.4517076501536348,-0.7485493632412974
3.1871858347557196,3.559586377155882,-1.823111413558449,-0.41429113098818093,-0.81905134496938
3.032712888243125,3.4475142579104814,-1.7889483309206948,-0.48248569516234546,-0.756248100504177
2.285835516087409,3.4245760159569643,-1.7437099706329588,-0.5030751350683179,-0.6931501204980295
2.675406569451306,3.3870954330514262,-1.8487717036098228,-0.42123837548198373,-0.7224379676159514
2.643132116277785,3.3527233449016265,-1.8367421116271603,-0.44893368472795997,-0.6540690092151451
2.677321792374938,3.3191843604670592,-1.8959613267470181,-0.3947939553583449,-0.683758148007843
3.022729790281321,3.2884888960900147,-1.9519354791779024,-0.4151136339860945,-0.6758728957666916
1.5131148208765182,3.1936769118261608,-1.8151964876233908,-0.42606146432776837,-0.4991251897769014
1.910920153133598,3.186952956458555,-1.8778800089792047,-0.4043305992296476,-0.4981412370784596
2.934551276356484,3.149863788731047,-1.999806786498458,-0.38808162721814304,-0.5226090152887445
2.527790439066844,3.105571703215747,-1.9790345627230923,-0.3828858241686571,-0.45374852049234293
2.035601700150635,3.070612659710469,-1.9575391027637452,-0.3909185031302116,-0.47375681707265094
1.6030787670789721,3.0548121874860166,-1.9134705711742905,-0.3766610427281484,-0.4856710947044431
1.7313966604528548,2.9617047497629176,-1.9177510851496364,-0.39118818172838477,-0.42179336832988135
1.8182303987442539,2.9490831043676393,-1.9715486579789419,-0.35011142183120353,-0.4136658122848721
0.7606583425245752,2.9035339798992554,-1.8661609338623124,-0.4063069322732557,-0.3988613683815656
1.7728933094002126,2.8453218885611458,-1.9717229614634273,-0.41176938420543435,-0.3503631618919076
2.6292796033450645,2.831452620578582,-2.055976373629893,-0.33671184774276874,-0.35123876730312187
2.359901137896983,2.7870251175720853,-2.05445390823184,-0.33581119627765454,-0.3543438867930282
0.8816492731345528,2.756441368926803,-1.9208287323497797,-0.36604393984986505,-0.31080207756652056
0.7678881107942701,2.7421204814528237,-1.9210325329034126,-0.3946747912298554,-0.3030150924803622
1.2334926549275251,2.65997184498419,-1.9907415977275555,-0.333760370781823,-0.21698960152471067
1.0178538079999957,2.6392114508133253,-1.9966105913156384,-0.34425881973129757,-0.23227731719872538
0.6907704331032997,2.618421290750034,-1.9760050474035835,-0.359861967818108,-0.22738351633544826
0.5251764840771792,2.5623763735460083,-1.9391397717622112,-0.3621795309672024,-0.1908427457327614
1.3401017863697084,2.53153895272823,-2.062394053718884,-0.3212644228885787,-0.16095630010675332
1.2775932358980533,2.5104299940379877,-2.0692949337270043,-0.31511453491282987,-0.1487024634024128
0.30395180932000276,2.447421250063645,-1.9247236665018848,-0.39391141302952437,-0.12836421427117595
0.3113532022073038,2.4359667176650657,-1.9590780295564518,-0.4075281730724625,-0.14336317525287737
1.5308460357578966,2.392529416426483,-2.1280106496380258,-0.32674613599422214,-0.14614020912243866
0.6883226332822523,2.397013775627469,-2.02859226982165,-0.37216093181907733,-0.11820993546593196
0.7077708810445091,2.3468392314629556,-2.0310211078306692,-0.4198496837842182,-0.10081298478771185
-0.24732135429620597,2.3599354764971467,-1.9687683534382625,-0.36366754535767515,-0.12340654802487834
0.2737854525604951,2.2713112704735865,-1.9846862301329389,-0.3557922045704899,-0.105855405874953
1.4357239119589984,2.2583928881542628,-2.14323951486717,-0.32060467361846884,-0.08317012122383284
1.434886398250702,2.2211397679961933,-2.162636724478426,-0.3304503927894826,-0.07301318997260745
1.2429673115800666,2.2011539451825035,-2.1345248592434567,-0.3582161370120652,-0.05451336337921935
-0.44140184540899224,2.2197493348078465,-1.9335642165348343,-0.39581431807673184,-0.030682036114347028
-0.554321224673233,2.2021173196106463,-1.9253105241604827,-0.4085604210394844,0.07147870805575914
0.8664292342856308,2.1271737208595747,-2.1036262102676098,-0.37145621022032865,-0.006854335100728299
0.14568879045975044,2.1211533795886077,-2.0205826063617267,-0.3101213443189785,0.04014236473800242
-0.658383793688318,2.0965138307866393,-1.9420648498808657,-0.3322121424210984,0.14097174477626484
-0.4547232919948008,2.0612085289840065,-2.0031500001061304,-0.3359798415857137,0.12503447616210064
-0.48873980886477913,2.0447580157507557,-2.0157499502219167,-0.35616434800406377,0.14495121838504715
-0.05428203461959739,1.979655848891515,-2.047317950534896,-0.37207567471150416,0.16465128048086752
0.5763585656646992,1.9323761613498867,-2.133812884074744,-0.35017932590210427,0.1514296034317101
0.8164061851054386,1.9173834063674244,-2.1576274724630773,-0.31496326297925575,0.1238067557389934
1.04242412206143,1.8824256255174046,-2.200960948481397,-0.348633066834191,0.1911432559863234
1.2273582016643252,1.8539007579438298,-2.2290781547641947,-0.31176547572987934,0.19741496563233282
0.15907589775121256,1.8643738399251208,-2.0788532360562932,-0.342839850223091,0.21950907897184507
0.2057839304831277,1.8038606373061017,-2.0755309115681055,-0.3478893954902391,0.22654786807053792
0.5958758615506349,1.7614265682639265,-2.1702606607600843,-0.3311523473795218,0.2185804633359409
-0.36045870146856684,1.7727750451227362,-2.0286703510205033,-0.34379992651496716,0.2777022056127274
0.381146370203395,1.696798813732508,-2.095376092329716,-0.3077231074690289,0.24901497640483122
0.05813018775474825,1.7321603028069303,-2.089755406164456,-0.3229762479834649,0.30729835020772206
-0.8505634996705668,1.703701807499106,-1.9661578059241511,-0.36055280755243535,0.32206529821176255
-0.7590140856217238,1.6996256734713218,-2.03236392977368,-0.401451411168504,0.34865400307752553
0.03924905716741151,1.6552658174255288,-2.08606367289299,-0.3019469530552018,0.321748787528503
0.38500405964146844,1.6048153262754208,-2.118950054490042,-0.29368970881141315,0.31057943631640234
-1.2870393556420883,1.6734671145004385,-1.9545252170263465,-0.3799230668814507,0.4140346327717748
-0.6661422364777283,1.6001443143227494,-2.05655112239643,-0.38757441747244575,0.3642872802680702
-0.2272641370736464,1.5778603318635145,-2.095599563706066,-0.33857921057771706,0.4195209124707857
-0.8899142505287082,1.5625812309343228,-1.9974352235692578,-0.3468994493757768,0.41317060461610744
-0.9835187385003341,1.5571746880635462,-2.0086455875020586,-0.4129580158873292,0.40664651752915426
-1.4378357710077594,1.573888066007267,-1.9918494667406643,-0.3969029801103579,0.4793306056479701
-0.4537453167351996,1.47564349383919,-2.0527054647799123,-0.30995845679635686,0.4015643569519605
-0.40423113146349715,1.4949866954639426,-2.0783442559142453,-0.3343543342161627,0.422193795693487
-1.2983469378113794,1.4346791195058322,-2.002010511574525,-0.3874035051925848,0.5017576740196523
-1.4087768172357753,1.44773509643391,-1.9670203807587783,-0.4429134196297289,0.5430014547818042
-0.8219139149626362,1.4191636690623157,-2.028829492393132,-0.35446666478907535,0.47963631903422843
-1.4527252784996159,1.3945656646593108,-1.9719644296932624,-0.40479786427168646,0.5570208912036743
-1.753192359657876,1.4231261835266078,-1.9551665943801333,-0.4317603520417219,0.5421347425556454
-1.4795334583226936,1.3455861653613883,-1.9576440733034308,-0.36425697875696283,0.550853659824416
-1.712880170540765,1.3539390906665796,-1.95453161328003,-0.3817154719849252,0.5723347589397727
-1.7060791670631479,1.3516544576519558,-1.9665016067011227,-0.3400643913841209,0.5704281046700466
-1.7786108157881413,1.3158839638331281,-1.946855703372307,-0.403428043420903,0.5924487030653712
-1.9920216156789494,1.3189363707077248,-1.9132972754466857,-0.38174537395070596,0.579789654345671
-2.7720071266006565,1.3234209680784543,-1.800051575569602,-0.36847798221929223,0.5984161535617086
-2.260914907776418,1.2765526365061057,-1.887261569429738,-0.38385252670782205,0.6216569978755476
-1.8838451770549958,1.2063973251755453,-1.9318461378318998,-0.36302778798619495,0.6435691691941227
-0.8113914905572619,1.1768035050372179,-2.029485609424288,-0.3413901328334359,0.5804797639162688
-2.5982258738489983,1.2400325653516817,-1.8624917757638613,-0.416155689532472,0.6231054769518128
-2.1091763711206872,1.1803731836886768,-1.884319310741447,-0.4024857046709581,0.6530643076889541
-1.4646728344439224,1.10826958552851,-1.986463477580337,-0.3931760995545322,0.6664432740017168
-1.6600766553321196,1.1042905316206317,-1.967860507347879,-0.39703231537659583,0.6661233522241442
-2.2607626709721287,1.124531535907342,-1.875395790030525,-0.40076851390090235,0.6497649655272274
-2.6047934916852147,1.128039306465674,-1.8191120659602162,-0.4041981607445762,0.6536585630099598
-3.0758921684105895,1.1091380059367884,-1.7678089496528255,-0.4133000807675009,0.6498069736389911
-2.8025107618441907,1.0648971754810441,-1.8008989317760054,-0.4034350907021442,0.6685755333789037
-3.4327820868835714,1.100497934485323,-1.7000166171527635,-0.402759231341891,0.63982701965884
-3.3924598733327085,1.0923425956004815,-1.7349361512965962,-0.3715479422746228,0.6741706713854843
-2.8821166763464534,1.0246196179121376,-1.784355161185695,-0.4240916232524338,0.6869984228657979
-3.5131616730694772,1.0576492902202308,-1.663721833653018,-0.43244164064116725,0.653177290287902
-2.7862384007079513,0.9868145884931508,-1.7953412870229215,-0.4311385267621579,0.727415061076819
-3.2708069196315397,0.9805180042400853,-1.7054911214400659,-0.45388675769545084,0.6820210602666096
-3.528063135230989,0.9947142483165942,-1.6773141648577183,-0.42546097214311523,0.6736642953129433
-4.069843136876367,0.9949113235696501,-1.6257239337548202,-0.4104647131195628,0.671005290343845
-2.826363483478673,0.930889667737121,-1.7703283311092934,-0.43756993597117666,0.7258035486804466
-3.3424379802567,0.9381850311979913,-1.7027174092772053,-0.4343215859141295,0.7153011090903617
-4.630026246427017,0.9830582382861491,-1.5235683948154364,-0.37336367378700663,0.630716397750758
-4.261927564563445,0.9689765008038133,-1.567883389006791,-0.41277104085386596,0.6685473609596461
-3.6660713626937884,0.8862471049138907,-1.6521922332938623,-0.4220132719694482,0.7207883216868594
-3.2117349996862337,0.852927292391289,-1.7248616564185957,-0.4317037954890011,0.7372319906035429
-4.2342943071241494,0.9033082139727187,-1.5768431652167034,-0.43909567975340197,0.6986904518962329
-4.240281968891287,0.8969975298077348,-1.5741874547574848,-0.43467620441994753,0.6961124167814927
-3.63280128741521,0.809645133157442,-1.6482551189207373,-0.4591086449978206,0.733073875639702
-4.388673618185875,0.870977281879526,-1.5436228254478115,-0.37783812712448755,0.7102392898785966
-4.776871841544249,0.84243288785581,-1.466737084750561,-0.3897830533269672,0.6866228107732966
-4.580094456254529,0.8217415963643311,-1.516880517240207,-0.40379499692064413,0.7143865982205255
-4.162167141508368,0.7622495854167848,-1.5525573245703563,-0.4413981893526329,0.7412695090820767
-3.754426030593623,0.7387323547758368,-1.6198584636063824,-0.45982991785865235,0.7701712289264022
-4.939572071785967,0.8160631890450525,-1.493442234013699,-0.4096531136876838,0.7329845241479616
-4.452330609926311,0.7427248446018978,-1.5402580309270257,-0.4445988859683966,0.728477924970565
-4.441639912779252,0.7515626033205178,-1.5609514981581791,-0.4431211667021165,0.775605449110977
-4.069641233876714,0.7080390890854039,-1.584726561997462,-0.4724245617720532,0.7859029490826115
-4.107444045023749,0.6749226301869343,-1.5380352519614546,-0.5044780211439177,0.7553328981163862
-4.82212602673058,0.6907801296400815,-1.4377948619614338,-0.4053444497100227,0.7696165508537903
-4.794492657803684,0.6798758747578812,-1.4401689067532253,-0.4061404217845913,0.7592020955573271
-4.916599030366624,0.7153970994254607,-1.4393275342984695,-0.39249391752567714,0.7905009757208441
-4.619735072557114,0.6631165993965171,-1.5043014541159923,-0.4238155373632523,0.8174222228221942
-4.237222278908775,0.6186971691441162,-1.5056007269770382,-0.46491883373095466,0.780636399208408
-5.398998791069551,0.6725135183801405,-1.373098801733067,-0.3731170274753207,0.77599208930647
-5.001539565430721,0.6406819789295839,-1.4401758927803132,-0.4105533654900051,0.7953451489661473
-4.731431277502547,0.6079048430758507,-1.4319389559510631,-0.4327382947622114,0.8143228244525879
-5.660438112793585,0.6158263816925373,-1.3250439126151794,-0.37977644789337517,0.7648545303275254
-5.342798868154439,0.5914058960597135,-1.3729615738729226,-0.40834634496485794,0.7818301181428721
-5.461939638137458,0.5785610526369073,-1.3376468030876663,-0.37762247693817425,0.7646605232916583
-6.031324483987735,0.6168528841052048,-1.2610968974673704,-0.3111308408198942,0.7859946286611758
-6.314059919608514,0.6131258076342586,-1.2343463181279992,-0.2805331434921551,0.7701610128345977
-6.041145197918792,0.5978679830115774,-1.268089541513472,-0.31200761777580893,0.779948859947913
-5.373113594720352,0.5547363931398537,-1.3529247384843135,-0.3937971017441406,0.7871432928980715
-6.642251415457622,0.571256135766491,-1.1662410475072553,-0.19712266630707342,0.7236900061927887
-5.705274947516785,0.5327202706004355,-1.2962316811426688,-0.3725515922244219,0.7696751834242789
-5.986699007801245,0.5356064476339949,-1.277994168920518,-0.3134116457695455,0.8085231043924873
-5.94510400077529,0.5057345452213478,-1.2586280252427706,-0.3159669003197498,0.7889509882571737
-5.719550177462188,0.4582121137147664,-1.2530219555224895,-0.3593958376262744,0.7893981596882742
-6.500235679539055,0.5218280669762749,-1.2162522140896663,-0.30392621925842955,0.7773631998753893
-6.246942359802929,0.4871557626010606,-1.2067462372323225,-0.2900310305824709,0.7685221100756545
-6.4818191923435124,0.5084511549991884,-1.196686049423525,-0.27342588291403935,0.7765524639641487
-6.50540403969638,0.4849079413987612,-1.192509301113462,-0.30444836266425784,0.7771466259880565
-6.392558900987132,0.4714921911446526,-1.194863625487234,-0.2895478449635168,0.7951162884052994
-6.551891780579614,0.4900338102152742,-1.1734856682221444,-0.30624678557954016,0.7724426999431099
-7.113871355415189,0.5190102770116274,-1.1024436717198487,-0.22011418012620915,0.7381688992793403
-6.440993270496946,0.4323063344055532,-1.1482734090678843,-0.2681595279471766,0.7762839637438774
-6.433528226814755,0.4326198113543838,-1.1728544595626371,-0.28004192313120335,0.7923274367674378
-7.513846504494475,0.5349602683845046,-1.0217156950165986,-0.23598450859528164,0.7282283309530013
-7.474540101313922,0.5153757285932739,-1.0552825815775158,-0.2028369716366473,0.7353173672318039
-6.703137482409644,0.4292953093989358,-1.1376407188250324,-0.2653356359199532,0.7692246885830337
-6.923390213534723,0.4274500034689911,-1.099936780139143,-0.2596410637314319,0.7567856436242923
-6.1847983484582985,0.39648180593721966,-1.21522736967381,-0.32945073668995595,0.8114115875703041
-6.458920037390731,0.41784263879202194,-1.1457115491544407,-0.3374091148994478,0.7920884435495527
-7.498786045501543,0.4782752343366736,-1.0256301411159976,-0.2246505923055569,0.7289427829522991
-6.759690449359921,0.4159582397317503,-1.13005729456552,-0.29877570624305516,0.7711174265732456
-6.809431202997092,0.3794019723555407,-1.1284799000772452,-0.22557719464853218,0.7718474811977837
-7.229495476475308,0.4569533182893845,-1.0633424097189967,-0.2658005306708732,0.7567964228759385
-6.772772639347034,0.4029751787658496,-1.1063195395366505,-0.2926643318545741,0.762903118059508
-7.1264149630040245,0.4104830238712684,-1.046759265141776,-0.24049610534138088,0.7561466866712996
-7.241278333321237,0.4346284970058957,-1.0324582221972005,-0.24552154099189424,0.7265986753639488
-7.420185983859307,0.4515600038546218,-0.967957779300097,-0.20954882948158338,0.6919560239237187
-7.640078203484608,0.4551554320900805,-0.9674570197773793,-0.20956231363715336,0.7081769318119407
-7.4542818622706735,0.46473445903097343,-1.0019984264011914,-0.25165962481716786,0.7118482049335553
-7.338622984826396,0.4391125663782991,-1.021130088173265,-0.2415206550171789,0.7256712972746482
-7.298835202799708,0.43816063337104205,-1.0054699760128902,-0.2410301211242353,0.7293058505950801
-7.871637568452444,0.47254392658515376,-0.9241695570629193,-0.2037083941866625,0.6875477866612602
-7.280448172079175,0.4073056768092933,-1.0084112089760846,-0.25476966733930984,0.7440197812963292
-8.079784957840674,0.4814424253889893,-0.8824388817153024,-0.20925394598705516,0.68029050034898
-7.987683254808378,0.46905006057847176,-0.9051612417621774,-0.19451714941603926,0.6741768482269938
-7.245842086521964,0.40811200430578987,-0.9964435440565059,-0.22119952396782805,0.7304332418601656
-7.429398517422127,0.4286908345530409,-0.9801510247360792,-0.2252364305076537,0.7317028069572186
-7.5516302658702354,0.4101688728852623,-0.9385613340620648,-0.21057386113859777,0.7115072715888086
-7.640627409903774,0.4264362671937746,-0.9290136223151434,-0.2396009253168348,0.6922139954249252
-8.173472400240383,0.4798576158525788,-0.8514749686077594,-0.17789949617378756,0.643523855812982
-8.079713816939423,0.47462948335270955,-0.8512375476280281,-0.16899550667234367,0.6551801017491037
-7.640215283227844,0.440906191594889,-0.9144964883132981,-0.204568544829897,0.7065924099263693
-7.9736516635762245,0.4657608289662855,-0.8620827942363666,-0.1888873672559054,0.6715583898841279
-8.322153623804185,0.483381749755996,-0.8010916369331029,-0.1733339372937238,0.6552797756588966
-8.236664294371888,0.4583850379965151,-0.8211797634794438,-0.18478255531468704,0.6545389474790994
-8.534888132292672,0.5099516404824156,-0.7801893923521311,-0.11149281443093555,0.6261944226776194
-8.59874314885755,0.5215216026990113,-0.7752155087488324,-0.047487799740444175,0.5973568395286805
-7.618745684480456,0.40950535253211506,-0.8917301647602427,-0.21082442214616304,0.6918131852438081
-7.983752721719986,0.4459920856792609,-0.8287840742459305,-0.20968825629779017,0.6576279620218984
-8.810260901384389,0.5003034376465479,-0.7101339146621397,-0.144335350236954,0.6084709488572474
-9.599649425687165,0.5658930745596885,-0.5617008437577836,0.05643645995636907,0.49267890477320286
-8.090665027212655,0.4629322643782223,-0.8306039261600423,-0.19646304207984128,0.6567046445221962
-8.302406993037387,0.4858109309224035,-0.7603815421472696,-0.0965402663698496,0.6247662677795999
-9.088811294977624,0.5551821026247172,-0.6388018849952439,-0.0958585557646074,0.5736431357904723
-9.00835532874067,0.5181154552352274,-0.6238097296921717,-0.016602154933382126,0.5464391895953644
-8.470344547056925,0.51694554676298,-0.7331609134415338,-0.012460465263105439,0.5853094901042933
-8.119357708340004,0.4754833024602246,-0.7881775006994153,-0.10922594862206461,0.6198768337299763
-8.710913093387147,0.49585406455711833,-0.6707458556994056,-0.09725568948914604,0.5976171234768992
-9.029937230902203,0.5303120393523466,-0.6015812517832628,-0.11300875969721291,0.5670689972150462
-8.687747280401258,0.4865345455319435,-0.6670454369389025,-0.09327904716716522,0.5842090956424615
-8.708732626820616,0.5137955077563374,-0.6902053574646718,-0.08411249271514319,0.5745720688010864
-9.44623886398215,0.5276376280798208,-0.5166156963005913,0.03689792257407925,0.49326481744748973
-8.434872100015276,0.4958213460363466,-0.692863771349363,-0.13025875229238118,0.607896263984688
-9.041639031084326,0.528821020012092,-0.6029035592056627,0.029466949022628086,0.5262620232293665
-9.580081096084852,0.5424156302555501,-0.5055100866324562,0.07404885788028405,0.48378120738131125
-9.379987561336556,0.5454778626414225,-0.5364607381153949,0.038581397894558375,0.5063642440663423
-8.88178679383893,0.4952504719257334,-0.5807882855736501,-0.11439686162472555,0.5815342178416902
-9.390467596103425,0.5402007500139752,-0.5178818864118055,0.02833738381732982,0.5195885140589835
-9.499220654781096,0.5405484878153906,-0.4665830891587225,0.0600364104396872,0.4818663245692115
-8.66762680666965,0.5086403908344366,-0.6301420035833263,-0.024808417881150357,0.5680641488063317
-9.277238494821864,0.5346565701554624,-0.5211508435818099,0.0228247829165389,0.5031159149579384
-9.855639446340644,0.5893756007118703,-0.41784109201786074,0.13676393616276203,0.4380163744901636
-9.62346088297586,0.5481634051176331,-0.45831074764497964,0.01260022183072019,0.4823178562910707
-9.178431773748155,0.5376969320824849,-0.5203384926141309,0.045259236200014215,0.49838630162275355
-9.332087658785648,0.5424909283879924,-0.4934713382506803,0.005639090013971584,0.48396784751386573
-9.563251403225207,0.5540796535056816,-0.48190153070272806,0.052012488258870684,0.4887918948626775
-9.855713224264472,0.5887535806401586,-0.4073084255856212,0.10440146613994246,0.44128291630405075
-9.686079923400749,0.5835712168336846,-0.4297393075612411,0.08639492807353553,0.4486448152575901
-10.114137102146545,0.612836336275021,-0.38183188789976835,0.14324759279362648,0.4368728380351524
-9.129617331739333,0.5409330914696797,-0.5272356518724105,0.05115724874335698,0.5199591868246688
-9.140789682627567,0.5179134077761953,-0.508875051676489,0.005559101185056678,0.5071055134560226
-10.095087048904553,0.5845961381532953,-0.3590824487592312,0.12740448906809723,0.42038866843058514
-9.693466976118863,0.5699249225224106,-0.3950744936627579,0.11253275576467292,0.4405199554167613
-9.439538524033608,0.5541843777433137,-0.4304588187694416,0.05075851791861387,0.45865264658536653
-10.0583667509984,0.585542254667657,-0.3338917725734436,0.14839877505864874,0.41919101627696387
-10.013954703079246,0.5664352750947894,-0.35014404049862996,0.13110661604691412,0.42886612837994065
-10.13231387789967,0.5809099985172554,-0.34702575186322626,0.1257536343193984,0.41404487601670825
-10.14376112410853,0.5760229739645005,-0.3019621143319978,0.13089010074474267,0.3802057263655884
-10.052472722382465,0.5619550395345206,-0.2999020411998702,0.14559652343117843,0.3847596672801788
-9.88380919460477,0.5644141896359814,-0.3311130384045874,0.1460210401044749,0.3879833774674903
-10.520402697459904,0.6421152573781799,-0.24499370503766277,0.22705329235191407,0.3261799197564476
-10.125329256912128,0.5805182410113001,-0.28443336482093773,0.13956149743217755,0.4043397865418981
-10.410127162884526,0.6308663757838838,-0.24844307389513554,0.1721190331122033,0.34600684481732985
-10.632405928343804,0.6668965642946422,-0.2145363377390619,0.23437532254568244,0.3207035753655167
-10.00389003505964,0.5679548474708498,-0.2921217512454821,0.15072491129015048,0.3861566248705498
-10.132876507730156,0.6030508867821822,-0.28809194577762615,0.15319651564937045,0.3759347378961293
-9.922821572542816,0.5782278478738002,-0.31441190787003104,0.16421897124690907,0.3836400801043692
-9.866903902278343,0.5755685894724708,-0.30927903242461124,0.11222148350426482,0.4111409918306699
-10.568227175878697,0.6284403344625128,-0.20788356129674074,0.25577741406613513,0.3324955651000425
-10.551937211370069,0.6348934596716067,-0.19347474516901406,0.24028540523717287,0.3318003927367447
-10.766262632077872,0.6639515898055114,-0.11822160836432544,0.31140255597279376,0.2702805785846592
-11.316790558845845,0.6993685560206965,-0.052153532391111874,0.30335067494079904,0.2125567334978061
-11.160996997515177,0.6785798121181927,-0.0772029288301054,0.2776659493055867,0.2537419240831843
-10.179539086322032,0.6095994683531331,-0.25014635239074384,0.23567860451393285,0.3653919360518269
-10.910830513176672,0.6574749907860824,-0.1018152240687941,0.3069550747495288,0.26007216974212743
-11.044865764376718,0.6642228243406187,-0.0703842007473304,0.2817222542580711,0.28443458720569875
-11.355129521411317,0.6961247424477872,-0.029992032944476874,0.29969281633720957,0.21871228917751756
-10.696409175399124,0.629451901479023,-0.1034751043181301,0.28711550366977157,0.25811537873990825
-10.804493023464243,0.6294861940851092,-0.08574224121271107,0.25605732848139107,0.2847531055184981
-11.44745384248516,0.6839505449834015,-0.00022795301679640281,0.29631137054335166,0.20589747358357854
-11.866919211783632,0.7085105993875606,0.08250024883484657,0.3118694326527255,0.18289057566117436
-11.56016121987643,0.7122883652403063,0.028231234293331173,0.386213149778602,0.18113225987349
-11.738413473744227,0.7220949581066382,0.07569257854820083,0.3817857524994892,0.16084757846602063
-12.100105476793493,0.7466801986041253,0.11615917180193248,0.3285530012437691,0.11996774071288585
-10.596712140125323,0.640402628716087,-0.11982981030077267,0.2975995723850237,0.29717081317793836
-11.200048522476845,0.682900985659992,-0.029540794463986813,0.3076134668064987,0.2168609137448374
-10.772397161016256,0.6499314729242128,-0.09930138480688012,0.25861129937467836,0.27916571997915524
-11.228882931966996,0.6873505600534083,-0.023128345181673487,0.2850005945666235,0.22391476299943688
-11.51197395187118,0.7069273716207738,0.031550133755638095,0.31380303380776176,0.18675018893873205
-12.081101260345022,0.7202878143398231,0.1311584423049876,0.3543639155767799,0.12974430867531075
-12.041952584305562,0.738486916567597,0.09946763703714412,0.32660721086828687,0.130191458396998
-11.369836839610995,0.6993503336427315,0.012136237328634836,0.2869615777114743,0.2176395589182715
-11.3659031876256,0.6699981852646015,0.017360022656122145,0.28983460166579056,0.21176193413440075
-11.860219493283262,0.714581804637012,0.08394248203976103,0.29472950014649674,0.16199886227616625
-11.88764477783957,0.7222812173943333,0.09010414015070982,0.31986681486085805,0.1543480651173878
-11.437977639945418,0.680335053167953,0.03322845394042782,0.28356558698389417,0.19098119097321437
-11.40916516497502,0.6879781961345682,0.03643190517135246,0.290611515674858,0.19836521834693951
-12.074792496284628,0.7292200713335668,0.1402453040295018,0.3302373133596598,0.15067847408956275
-12.582272085463462,0.7513805772381159,0.2454199927795558,0.5187193008734892,0.027382927254491738
-11.45107820319138,0.7007406383469542,0.045369082612423374,0.30232138200896674,0.1799089817688792
-11.60633704387229,0.6639586567166218,0.08657731392763685,0.32119623892438004,0.16841927274003568
-11.812382137557261,0.702082996078805,0.09811233146305573,0.29023075542588295,0.1528485871960695
-11.773283603787615,0.6957155950284659,0.10779959094878755,0.3056687828242562,0.14780584438410663
-11.713671108620392,0.6760365025247871,0.12818916875801373,0.3364132573727257,0.14911389727337654
-12.027646640079196,0.7360643690180756,0.135664655121229,0.3377468472084074,0.14283885462555007
-11.772564949498388,0.695019794969297,0.1292459258951002,0.2988641237411394,0.14803587094943363
-11.56042994908967,0.6515626174559916,0.0980808856595362,0.283551379037169,0.15571866910041443
-12.005147408006295,0.7009803379956792,0.15743896655476422,0.3263906531514879,0.11336461002658102
-12.104395065021844,0.7357383177716078,0.165613292758966,0.33395420611044113,0.12259957014577406
-12.14572997477373,0.692508420102199,0.19963318998497037,0.37015845235963113,0.12251435579425997
-12.264787605290696,0.7527672467613726,0.19605599685866998,0.4216643086140153,0.10337760596811366
-12.909053885450225,0.7673673376491197,0.3431700459287743,0.5014340613527806,-0.017582745022727803
-12.738012738970774,0.7435071273783829,0.3212673567180863,0.4932726200621751,0.005481653091876642
-12.442756353145155,0.7421828342909264,0.29151038422049735,0.4261488631506527,0.029667782427178168
-11.608520456041209,0.6221687134408871,0.13200275779213175,0.2933210123198064,0.1629543316461234
-12.909492561720946,0.7667163349888736,0.3624014628787618,0.511118681319474,-0.015615624467235736
-12.611168066210238,0.7607894481433934,0.2891110231167087,0.44132126206149574,0.049420864827700126
-12.161768050994079,0.7278429707139681,0.1994704770261504,0.35455699369502036,0.12379845438584523
-12.588205975012537,0.7446205265879383,0.2916240305030721,0.42726560451374024,0.0048586499432696035
-12.716035280160655,0.7485607098109022,0.305850019820595,0.42867260445669714,0.046866645809081765
-13.218647415262145,0.7946386148149333,0.4048648555143082,0.49669770264038227,-0.048800670460647406
-12.388967802450647,0.7323564244251433,0.26708667702002015,0.375669880512311,0.0665665228606912
-12.429104279547786,0.7322377604759416,0.28193914115832003,0.4262853920702464,0.034070284847164865
-13.09726111961161,0.7524490917992267,0.40330364523797285,0.46703464805578476,-0.04657097128754638
-12.46739719118162,0.704380524610433,0.30768727960442555,0.37432401526971587,0.03392221444179678
-12.736266259920873,0.7572047849478485,0.3402333202077526,0.45265076183960706,-0.0014223589052838892
-13.250270043337313,0.7761098109312685,0.4271058789446959,0.494611072924161,-0.06021097954435157
-12.525377991212796,0.7319373130015004,0.31337705278616984,0.42469452839574456,0.027926870094393763
-12.830016759710842,0.736236557242221,0.3817114794195647,0.4600761034370368,0.00013424142233118148
-13.027276315396087,0.7568216427946316,0.3976026789906237,0.46390025223022335,-0.03438284859911787
-13.624158955088141,0.7885117175305205,0.5116883700888248,0.5520508404415279,-0.11734981334613692
-13.080548239270966,0.7664245439671366,0.3968595889323481,0.5088060574353069,-0.04933950449410067
-12.967859372269935,0.7480417326350244,0.3978414162993427,0.45320046366396904,-0.021126225924012282
-13.176101112482543,0.7697445734081968,0.43163142019997763,0.49709939654908214,-0.06463903860985003
-12.555459406149943,0.7063528844385779,0.36987996126040745,0.43035469585943104,0.02060083242379875
-14.022676299338672,0.8281387517631255,0.5651357248976442,0.5564042200788393,-0.12753212862484659
-13.215529496178064,0.7595140450862109,0.4413337187335345,0.47345438458560335,-0.05240773882995583
-12.91600667092713,0.7320993635080872,0.4405691194265381,0.47654491337992266,-0.05558967756770709
-13.177873000220718,0.7422939662909098,0.4872227869027871,0.5002632019957179,-0.06088256087528279
-13.646396937144324,0.8050059229196587,0.5437836960376982,0.5620712881898855,-0.12878861395061236
-14.44844127176617,0.845163002027373,0.643249237680837,0.6479271900292498,-0.19922611734889978
-14.290432930357893,0.8600050955923699,0.6009665732602847,0.6287659158782948,-0.18357773803284566
-13.661097458373373,0.7860052061272891,0.5444490094419002,0.5677648444111086,-0.13487445417634503
-13.198442012250224,0.7527532890258675,0.4389555247658118,0.38422761927754756,-0.02486195786422226
-12.96782595988471,0.7119539137080373,0.4271321209205156,0.4402839170490334,-0.027219037584360065
-13.640638762046306,0.7873952485142202,0.5411161747058406,0.5229741139551594,-0.10970240464550653
-13.948736552193795,0.8097963994968835,0.56822557395719,0.5777934955778464,-0.1544389014949083
-13.658904163537521,0.7681649085767094,0.5507517670069233,0.5636919923336512,-0.14432213839339803
-13.881089415098218,0.7973568251399931,0.5889530753139355,0.5762722237904327,-0.15578451786331693
-14.534441873328284,0.8472306562241338,0.6727060199818938,0.6834998665610004,-0.22809548560208592
-14.961640406941328,0.8830801015465236,0.7438507885569247,0.7022710232485697,-0.2922374183755852
-14.042661639072127,0.7910095110034825,0.6259301322853712,0.592247878251832,-0.18113698984499302
-14.171232109015294,0.8202929798591756,0.6217750489347363,0.6055493564096254,-0.19289222910155693
-14.522364737469431,0.8438403982581223,0.6799958235895138,0.673700093158885,-0.23349947446498495
-14.622439001165075,0.8485763735870636,0.7105665776910027,0.6916402514792357,-0.2536957998477143
-14.79493586356339,0.8578409419877119,0.7395835451007748,0.6975938091886261,-0.26217260813840715
-14.879784674929256,0.8875504026261637,0.7390451003986405,0.6852573612152555,-0.2590615585147213
-14.354436708589082,0.8389190121752362,0.6543360172687623,0.6326624880311017,-0.19957454522230206
-14.141675715867683,0.7922343041169593,0.648141166281472,0.5848472621176369,-0.1660018689985003
-14.47187114533409,0.8505433616815413,0.6944029828074083,0.6800646325421764,-0.22110452274346046
-14.936971920213937,0.8846736367114763,0.7588237454430246,0.6972185252461918,-0.2774813193248604
-14.338715110025118,0.8064666924150107,0.6845606684754253,0.6009440619713167,-0.19596728009084707
-14.339144057105113,0.8189076809298775,0.6901383187199827,0.6058639363700775,-0.17899623462287065
-14.633914182433788,0.8221727203945183,0.7347412525519083,0.6698967760185114,-0.2551800558911647
-14.430807262629388,0.8094437777997326,0.7219118717304769,0.6381976327335929,-0.20808822564176938
-14.247093080718868,0.8154337972754729,0.6452442026761952,0.5842445008294941,-0.1727475364707773
-14.842930015624566,0.8570183925994344,0.7487285482575209,0.6759389714487971,-0.23697332681468816
-14.27483995863067,0.8062772409396383,0.6836410279033919,0.6568003882496223,-0.1889289853297367
-14.490758228204474,0.8414188269038035,0.7004534662287705,0.6577785384329333,-0.21125268837692218
-15.246915337292656,0.8927807890270317,0.8125324369619671,0.6844045598948488,-0.30486204189580374
-15.327529170252848,0.8887248987990717,0.8462436813028807,0.7089820086206359,-0.312609090311733
-14.935410871114636,0.8665615212239446,0.7865391077845427,0.6871786653909085,-0.3004302342908092
-14.470378339263428,0.8278827763245222,0.7270223530633879,0.6482861616430738,-0.21963431472096168
-14.634282475238686,0.8234467167148853,0.738625002271934,0.6551364051755583,-0.2219296754651939
-14.445393153285446,0.8073835647776636,0.7207448816228016,0.6154993104126744,-0.213155296990102
-14.56555463566015,0.8318416824948107,0.7358706691524401,0.6502879962723453,-0.2409187437732244
-14.96295825292516,0.8383859551093247,0.8223677641646795,0.6648230427863403,-0.2921292042981285
-14.800298032642111,0.8225507772046409,0.7724429998051728,0.636302858413433,-0.24870829759346375
-15.157059065152353,0.8515387545955666,0.8301026297917611,0.6783773683187793,-0.27302402873905673
-15.138397036968252,0.8579903689332329,0.8313144462483423,0.6779618831869627,-0.2892720670243126
-14.787129870490682,0.8157859189069306,0.7665864941659635,0.6585759711304328,-0.2542736304584655
-14.710234612199068,0.8319072000755823,0.735315810822757,0.670014853447243,-0.2517098685680467
-14.607476545014467,0.8078984154124478,0.7668100551673251,0.6440901092993492,-0.24065490730432681
-15.511823777860041,0.8848328887781147,0.8793518621145204,0.7105235098965829,-0.3431131445721324
-15.621132197114479,0.9018006451986839,0.9082646610631047,0.7383078445016704,-0.33732222870684
-14.794529583059253,0.8155330858491111,0.7927821864020663,0.6324221443122375,-0.243346887055744
-15.10147667948681,0.8523876839241586,0.8367352323696374,0.6677230546551862,-0.2947554901414663
-15.814913744362999,0.9073947588080401,0.9493511387470887,0.7123216171245792,-0.35045220807009264
-15.449225426745317,0.8659343072958969,0.8918566043089458,0.7036970548737793,-0.3356541598084274
-15.301177850001345,0.8565366018698157,0.8740123457141904,0.6715487822885225,-0.3101653026159327
-14.891532153361771,0.8043272352789168,0.8290778537509647,0.6460452780433854,-0.28346726766940245
-15.509649563161464,0.8637899945173702,0.9065731036942704,0.6932542714526458,-0.34782064193621104
-16.453354030946713,0.9354036138191032,1.0543780253882484,0.7849225115467758,-0.4495298838210171
-16.294997610820236,0.9144344390612289,1.0264899931459759,0.7717167650026333,-0.42913260192171077
-16.454621714207285,0.9470794456444407,1.0597731974877795,0.7875311220080489,-0.4562423544954725
-16.341843343451366,0.9207325817248263,1.0516078507496551,0.7680418833520986,-0.43533412810466365
-16.119872908937193,0.9140353480651431,0.9906415947446632,0.7439562104793068,-0.41408916313935323
-17.296370570900024,0.9997456146919227,1.2225433103442076,0.918433936079531,-0.5559034447282998
-17.126525051691953,0.9802087635281375,1.1785163887919423,0.8757211845622278,-0.543048531164174
-16.576372183388646,0.9423637990786796,1.074564722253121,0.7999996996701436,-0.46399914211912385
-16.788151549560755,0.9666095627268516,1.136366646902097,0.8487606969155077,-0.4946119058342055
-15.84821911842856,0.8531813029258206,0.9905609161186302,0.6892036532041277,-0.38623857495483255
-16.848313150602998,0.9608480156774823,1.1623540593034134,0.8394766296980374,-0.49303640639266066
-17.8303319061255,1.0072787124877105,1.340698434288048,0.9608712936133508,-0.6259719094123974
-18.122989830717554,1.0031569289712705,1.3934595134461611,1.0096505636928572,-0.6820342410334376
-17.240349073210503,0.9741125377800762,1.2295210180458753,0.9054109750960394,-0.5804330251930273
-16.903115282951095,0.9329695662839458,1.1763421227233024,0.8523878430925672,-0.5264147772530187
-18.30669605412161,1.0278406121580084,1.4393684866892167,1.0054926485751632,-0.6969683616085207
-17.10795577753479,0.9534992609250532,1.2034748732427478,0.8999103445170695,-0.5761016852350979
-17.411961317727542,0.9819895450479026,1.2531141424977081,0.9122941225425018,-0.5797388820141809
-17.543819779577177,0.9705734909858225,1.2761220681273822,0.9085785208208956,-0.6019892227659451
-16.72373251579696,0.9530130059682425,1.137416936095268,0.834864322259523,-0.4989216406320097
-16.537928068129432,0.9264943496734648,1.117068067465739,0.8149503964101845,-0.4876747926629855
-17.004210731619338,0.9657079601934633,1.1789024153915502,0.8448852193679288,-0.5256522555461998
-17.156279516233916,0.9775708487486198,1.2008904223992571,0.8550586497306267,-0.5516895168915058
-16.82395034344854,0.9492552375126687,1.1561501955810187,0.8362440730817208,-0.49233674743144207
-17.272251473655675,0.9544144578841706,1.241315314527722,0.8918454622078379,-0.5664748290698448
-17.332322670446793,0.9793534259309605,1.2338827943938202,0.8703839868607581,-0.5532685723548508
-17.238089977832914,0.9614882575923116,1.248049996313877,0.8949885457483704,-0.5783959581755187
-17.451658453729173,0.9730708636228391,1.2930318039456539,0.910108877277599,-0.5975243938505371
-17.323777232789862,0.9592751384950737,1.265397146901943,0.9009260842227189,-0.6019871254864946
-17.84496742648591,0.9650797913619306,1.361759115145761,0.9513671187336364,-0.651988502732007
-17.740475053965447,0.9959133874235576,1.329396040922322,0.9151492533755127,-0.5934389184800903
-18.28715891118563,0.9999726596958723,1.451363368637021,1.0328831064043378,-0.7252039518196058
-17.446964823165132,0.960996807977399,1.295996579207705,0.8958642974880281,-0.5904721014661855
-17.544027052507484,0.9489639271563447,1.308273782907377,0.8916757595924961,-0.6054852492336983
-17.26201767977309,0.9391116610831368,1.267563900382358,0.8932889883394027,-0.5876601880327171
-18.691843990254032,1.026658286828967,1.5248809872441902,1.073540308617043,-0.7474021934424817
-17.391963261189495,0.9663675229125349,1.2801767879328514,0.8962083662695175,-0.5733819369693258
-16.77601534635342,0.9333148492611019,1.1698431972145744,0.8470157374626878,-0.523268028966868
-17.258899391502904,0.9517483899699252,1.2495631006970562,0.8811368656515928,-0.5722581126606971
-17.446432167900642,0.9828803645429729,1.294698484590847,0.9047335375829917,-0.5888721838168955
-17.111754663658875,0.9528972041362992,1.2268423660495,0.855096249922069,-0.5476593082091846
-16.93466606101311,0.9244396419568912,1.2135004149216824,0.8402812308184542,-0.5376789495746654
-16.639890674209447,0.9061680201208563,1.1694235358464717,0.8274063895153155,-0.5218269146103938
-17.200302087846598,0.9301602021950428,1.2640762955207878,0.8764865088484404,-0.5691136135521706
-17.65438673031381,0.9701764788323501,1.3226272867608038,0.8955601170670675,-0.602761061472331
-17.53819363591773,0.9621254829890977,1.315156143054914,0.883845865885119,-0.5963764463315349
-17.55880695840469,0.954886712390684,1.3325371627888747,0.8839163583866985,-0.6206596119737509
-17.743131300526613,0.9493636546574227,1.3374964946048726,0.890709770878597,-0.6155229984071439
-17.606890560439524,0.9583257444313682,1.3160135034815266,0.8972307449311763,-0.6079554035163568
-17.36573094852798,0.9417045516673108,1.2838758725383568,0.8676541135748409,-0.5861281249979476
-17.51013773554425,0.9509891061736032,1.3147883432520329,0.8838414196508146,-0.6036390495297342
-17.75416403549167,0.9717681847992602,1.3625639498051638,0.9146561114688316,-0.6362505233053032
-17.551366611665507,0.9546563476780888,1.329956340990237,0.8810460824146547,-0.5963579093389225
-17.88783897952232,0.9624565993648637,1.3795671170038328,0.9071571164149511,-0.6316311411525365
-17.3964785696281,0.9392025550544163,1.2954001355181084,0.8830078653681503,-0.5904829439892184
-17.6095880633543,0.9579067629621372,1.3449178246343314,0.9014802824020528,-0.6153330975748528
-18.056920335833954,0.9894337872460928,1.4445456796945555,0.9990609274276809,-0.6856668162933031
-17.168670772330415,0.9132921499324128,1.2599944819702453,0.8422691311603192,-0.5588076220768317
-17.75407674463142,0.9598656099215207,1.37349859666594,0.9102117264229984,-0.6145417692240546
-18.739405746919427,1.011405963382384,1.569404036256573,1.064911969711849,-0.7654306868838849
-18.74055455134021,1.011756943579966,1.5729214844109196,1.0618842629183725,-0.7549189166054593
5.03200524787669,-1.7374087910274552,-0.7408943930102455,-0.4399356242222485,0.2750631940372017
11.626319130207836,-3.283165701570366,-0.7465128666208358,2.457974439098629,-0.13765063917989998
10.823457646618925,-3.032108992787746,-0.7603185317358893,1.8879897368811303,-0.05984902424337731
10.782750083775653,-3.06452961508856,-0.7693691431904249,1.921100290348068,-0.07847937678325734
11.427685603982514,-3.175531727969093,-0.7094730148885031,2.1395482337005745,-0.05472843762460706
10.876003223385062,-3.0809134062203745,-0.7509584633062669,1.9158279743917992,-0.0608774269096902
10.831386853580202,-3.070511036256407,-0.7625036260088659,1.900266585900025,-0.07892118340227075
10.772941054787928,-3.0202306320290453,-0.7487212261657701,1.8245440528286208,-0.041945882358753656
10.697935747384077,-3.012722094785688,-0.7702651125841858,1.7932506912184858,-0.03814657638961525
10.829249093906222,-3.0825339736446646,-0.7443352862224543,1.8985062742346255,-0.05359051882961493
10.984522608680928,-3.101723400389438,-0.7239657843216691,1.9658582064627914,-0.06119664379172334
10.8894980126531,-3.106241859473665,-0.7038228285772962,1.9422484407233078,-0.0656020714363008
10.774568476785417,-3.0622479573175325,-0.7181762645094827,1.84421533695285,-0.08169881830157354
10.624839784849552,-3.0085577786290183,-0.6895367599232597,1.756583240272555,-0.06480252807021014
10.844431233061545,-3.0810233840207193,-0.7157736908661025,1.9194265530683683,-0.07387819987287224
10.67679248481251,-3.0408077497343102,-0.7229731922310094,1.7957606983897634,-0.04543726013615163
10.565018819480384,-3.040096918819989,-0.6928111894929219,1.780167488614138,-0.04911049245897901
10.640083271755472,-3.002544274306718,-0.7167866620702048,1.767806274205708,-0.055450915938754355
10.657527381112367,-3.041496297975225,-0.7084691945533728,1.8120430937102818,-0.036099952472948185
10.914296196608895,-3.115629643918025,-0.642537725984061,1.9284698133682385,-0.091429147007724
10.694782329221114,-3.0946084545447485,-0.70471856635266,1.8637732655866015,-0.07765333188643013
10.56497243588531,-3.0563439987068537,-0.6375192142281265,1.774446980135151,-0.048140206330656556
10.43853560387453,-3.0505929889563497,-0.6692216684188176,1.7326995844233974,-0.08356864766974899
10.237379821393962,-2.984312099711098,-0.6434295032932922,1.6593727599595824,-0.050050935309235836
10.57692893970417,-3.078873719053996,-0.6087147498154812,1.8192445820905332,-0.09550325136515664
10.757607972562937,-3.1159537875775514,-0.6622290568261233,1.811998133309317,-0.08580375842580694
10.168381272405457,-3.0235124345367708,-0.6773930654966289,1.643842048553929,-0.056611691120884614
10.255123255263841,-3.038693196190941,-0.6293615386885794,1.6802854628446195,-0.06571128130625628
10.594899039363675,-3.0670175991747737,-0.6206888088491972,1.7110529087115325,-0.06374603237156279
10.567937686109477,-3.1273038707855347,-0.6317239305589851,1.784150823505904,-0.08781089692262098
10.365919651827605,-3.0468200797984566,-0.6167640116381732,1.7483126243673228,-0.06980718724115147
10.136141668282802,-2.9912651416457483,-0.5859788002487706,1.6228158080979709,-0.0766369758390833
10.233175568743444,-3.000401056543865,-0.5994025970018699,1.6276179985522559,-0.054825516209132036
10.165129583578928,-3.0076590224614166,-0.6096557198988204,1.606099220142422,-0.04703408475389789
10.16121030944013,-3.0575742104716754,-0.5820440754029977,1.669998881805522,-0.06956773119359669
10.265074477359041,-3.0784772743126725,-0.5714920217826012,1.6194772961720685,-0.038091411087558494
9.868677914502776,-2.933997234908986,-0.5686165190013449,1.457973457360104,-0.0043610110942371785
10.072364441441433,-2.9933512388396544,-0.6036983056862726,1.5726095708159684,-0.023736383565424117
10.328320849006507,-3.0616692759100914,-0.5596199393268475,1.6406958179148585,-0.054242554492656886
10.34558521231527,-3.0763819474102974,-0.5491723587516314,1.7052632806547858,-0.10202368263546868
9.698721283130393,-2.9631169578276073,-0.5482934725821957,1.4128488956622778,-0.03089932642150189
9.288167833061427,-2.8906604652976697,-0.540824363478365,1.2462677516081226,-1.952462050297896e-05
8.903406158784888,-2.8341760357831527,-0.515387255093164,1.1373582122435442,0.017255258407946807
8.830531225702794,-2.8120722184586855,-0.5112169522952952,1.0844264023966725,0.010753320983182782
8.802653948817008,-2.819619672764493,-0.4854536765987204,1.1156811123875459,-0.017231438682398462
9.109760564051264,-2.8495228236347527,-0.5020632805699717,1.1890082486602247,-0.01935832231057193
8.823374139983217,-2.812543114265078,-0.49367421478374246,1.058568774729765,-0.020569272952052717
9.166914850691292,-2.8657554645615924,-0.47083140951645025,1.2366802815610798,-0.0030112375564576694
9.482834310087398,-2.905329808260329,-0.49673133719466633,1.3019370844774634,-0.020807933348517025
9.443154647215318,-2.913772747702585,-0.5352537826327877,1.2308320589194797,-0.021400111968045487
9.351615855561041,-2.9289762161085373,-0.5160040574902637,1.3248439433014163,-0.010214907102290829
8.745822256972687,-2.833402935860896,-0.4838174215854227,1.12592739529544,-0.03686420274705805
8.921260523894892,-2.8269355536792404,-0.4833399937471753,1.109280999686527,-0.018067636964046896
8.92785892114158,-2.82945126910287,-0.4679721209204273,1.0826317279120858,0.013141927472202492
9.453200677438591,-2.9329911163463502,-0.5037910763257798,1.2702001706636183,-0.015471091326025097
8.305607589692574,-2.7750052623974995,-0.4311582921496383,0.9839674336077283,-0.05128553539722517
9.58977829435523,-2.9916539641922104,-0.461458552329715,1.4193029869374783,-0.06739057412761318
9.678226877074115,-3.028212386473655,-0.49232623901351324,1.40711073626197,-0.051409382503297574
9.433083802595052,-2.9655786620219855,-0.4511736917335924,1.2868768866441633,-0.05185421105637853
9.377306910771782,-2.9447710115057326,-0.440723415615515,1.3047116205197067,-0.02275644729777726
9.570783650012126,-3.0075301215526347,-0.4917635577294876,1.3555532663903107,-0.026936435663443895
8.891725723981338,-2.8634892355397414,-0.44557434142397623,1.083905532027175,-0.0272064660048685
8.771124078524972,-2.8711985740277735,-0.40067507451732226,1.0847850173160989,-0.03951503178995933
8.475077135090539,-2.8438024085029876,-0.39023705319243485,1.0145000293042299,-0.04843517284314153
8.77310127852405,-2.878961024439771,-0.40197765527260043,1.1060245074519472,-0.04882524221221616
8.357045473834054,-2.7823737555467343,-0.35846411975154946,0.8926874200603733,-0.05009887795203886
8.61349349145267,-2.8792940984629594,-0.3696157219129192,1.0694232418311904,-0.045962247265926875
8.458928377997696,-2.8354360872351254,-0.35028181352305726,1.053753492194729,-0.050941187678835695
9.271639894206642,-3.0304917118983887,-0.37872549614575834,1.3507685574799642,-0.10764544424297552
8.781709888763555,-2.887659675163563,-0.3729768992083097,1.016635045643764,-0.045058589449472955
8.435137978650037,-2.8260319550634434,-0.3556244202929032,1.0117496654181153,-0.0266385134812168
9.175647973540116,-2.9463334737119338,-0.4110449063856288,1.2227368757004404,-0.048955246689244517
9.198974654652782,-2.964395163754092,-0.41483562682742275,1.2254527953927472,-0.032417975963294814
9.351811089262629,-2.9962775107889508,-0.40495314110056835,1.3363196509420092,-0.07437305024193532
8.978669321871104,-2.92124643878218,-0.3872346201192,1.1234508432310109,-0.05252986218602554
8.753722390010891,-2.8957457915968075,-0.37213827108554437,1.0081934617590063,-0.024655214350217152
9.45306894575394,-3.0475964937056026,-0.3870417224494816,1.326964355801612,-0.08879199787153538
9.06886436503262,-2.9737973542867495,-0.37154230978090896,1.1768418375671355,-0.06622180521291132
9.136559894204341,-2.9759793359700035,-0.36202854208183816,1.2150577729460388,-0.07510426665508567
9.175065776059249,-3.007795628257626,-0.31957853343238807,1.2412714250123162,-0.09228943989343678
8.907174685206407,-2.946502599375365,-0.3773560354200833,1.055412561868715,-0.035569663208337
9.183570351612474,-3.0055420583617964,-0.33742569547015516,1.2672147241983156,-0.0912182148383757
8.861693047489066,-2.955372312220155,-0.3528444355953971,1.0712318482500072,-0.03406288963461007
9.216693130011919,-3.002493816442936,-0.38039789603200547,1.1946093449881174,-0.05471552258742043
8.984767342488892,-2.9600450298393035,-0.3245322115002611,1.0971878901401977,-0.049988645093858114
8.810415210145512,-2.9556661231614583,-0.2802994713445521,1.0995689021834198,-0.09398254457614408
9.142975615626051,-2.9995936145539708,-0.3696677276540737,1.1539657425655383,-0.04025145006530534
8.914731520285644,-2.928765793043426,-0.3391448868198411,1.094378091958263,-0.049233613554427465
8.73258828297065,-2.9492803275382453,-0.3151786615846386,1.068751278878798,-0.0638840449077471
8.689300529791378,-2.9674858370950354,-0.31640087587036114,1.0767703153597319,-0.06622632428994954
8.550373997881733,-2.899612158182432,-0.303682901955407,0.9955036784610006,-0.03521892198368993
8.73194377259947,-2.9746348667453604,-0.2959217547413265,1.067911548416745,-0.07678048409420789
8.838279985836808,-2.9743410623321673,-0.3398675764110455,1.1094945156597682,-0.061012008285085934
8.99744126142512,-2.962128209403318,-0.3193115368778955,1.1355435289920697,-0.0616242396036071
8.460841869426968,-2.910994404176069,-0.27001419783750163,0.9486526443796989,-0.08486129134565303
8.690855780237968,-2.9490242090685013,-0.30730790694539745,1.0405814953315107,-0.045341000990962096
8.700426821133274,-2.9308635394581857,-0.291186848717467,1.0394340234908115,-0.09167854196518191
8.312400635833935,-2.8965681937637413,-0.239549406459674,0.8661668449510548,-0.045724755928671194
8.698042081361935,-2.9735298414288747,-0.2479370038714508,1.0582679837500202,-0.11075416224017809
8.896836082457101,-3.001706375196949,-0.2755317310895075,1.1334592358956717,-0.10370390622200669
8.237087852810859,-2.9127806767819555,-0.25105758470395,0.8820898831759866,-0.06172198314731318
8.3415673778403,-2.916037575902623,-0.24545091541054306,0.8642627846868617,-0.07949530703791204
8.39986459008474,-2.927069736500359,-0.2091126548967138,0.8992416194830724,-0.05037467300728565
8.248496403380491,-2.920752037574364,-0.22512831418416693,0.8842564868016608,-0.08209224982596076
8.57362996400181,-2.9745468395652046,-0.25307213470638984,1.0288603105496832,-0.06332369938141123
8.329016423720295,-2.9306434424349397,-0.23672995568429683,0.9279677169991647,-0.06659164045667106
8.19463787431182,-2.93303636493291,-0.21868399931212515,0.9218488112070322,-0.06837676198363506
8.284938891445533,-2.8947214873938965,-0.2299626096815017,0.859410571368,-0.05739169149451817
8.377157706234797,-2.961937396623242,-0.21060493421211468,0.9114180642984107,-0.08388506084402589
8.422471625088324,-2.9648712001734014,-0.23892133483241065,0.9497725769680893,-0.0776211387416356
8.081910051181357,-2.8639311568648256,-0.17215387913887104,0.8089231768056727,-0.07826924458435748
8.04446026566314,-2.88758113562864,-0.19584156113493115,0.8083549807068583,-0.07601611632446689
8.783073090036375,-3.009495985237059,-0.23658699842642933,1.0963882098668774,-0.08590634001770367
8.588054402557201,-2.9688802497128224,-0.21354961068736517,1.0068928535843131,-0.0953483935174014
8.354117760862172,-2.972736217492203,-0.17805874472904082,0.9290927082078541,-0.08848985097147816
8.181839733537458,-2.9278072500222017,-0.18468895853791892,0.8394979651170109,-0.09128110594304603
8.394193511848682,-2.9625451100017837,-0.1921244804276667,0.9414971084346084,-0.09023110995634487
8.295107700888655,-2.960616625986764,-0.1841097420291174,0.9258693900087706,-0.09267352871363024
7.98629710547125,-2.889741383272735,-0.1330483598005583,0.7703563864188157,-0.0713587131580519
8.044853918280083,-2.906310934452995,-0.1662235858148454,0.8387043259662049,-0.06678852944276538
8.160697804694713,-2.9499415495307986,-0.16615021840037597,0.8872698534579158,-0.09182467727371167
8.406146268051504,-2.973555821473585,-0.17910803369698025,0.9160219544587411,-0.08319181181715041
8.159095220526645,-2.9661909632276564,-0.1795682474522823,0.8604318647443647,-0.09166497636359433
8.006349719182651,-2.9261906852051927,-0.14210864141226628,0.7627784540334085,-0.06648048837742339
7.827305090971271,-2.8853209499025736,-0.11718831479641348,0.6915687071730124,-0.07256974993788401
7.910365523720713,-2.923084570176385,-0.1361669777938344,0.787561677101687,-0.08740331992747906
7.976237764998675,-2.9580298309342403,-0.11442905897697271,0.8176538722117117,-0.10725029111543431
8.345551443671518,-3.001641454926546,-0.10931086252065192,0.8978693052342882,-0.11136846438535479
7.690049517980659,-2.886846411343463,-0.11227858533836539,0.6608601503104543,-0.07671837244522128
7.635275994693959,-2.8917053488500173,-0.10715946395073662,0.6560584659106581,-0.08096127085736347
8.066243324502201,-2.973768525910024,-0.09155171615885266,0.8458775007725094,-0.11591221507220074
8.026666281820763,-2.9572450240043384,-0.12639387248475745,0.7996110282921342,-0.07987254117878488
7.947232351947912,-2.9305349978620265,-0.10716651700805521,0.7981584266099491,-0.09289911445045526
7.789101493634179,-2.9213798864815876,-0.10766894935961618,0.7331170341398312,-0.09713994521278566
7.43529549852009,-2.852360772103811,-0.05871744350133553,0.5853413135246045,-0.09040969265150361
7.731871736005173,-2.89790466371449,-0.09499035164873638,0.7085768477018738,-0.09626795428048301
7.8004429677216045,-2.9485853992640916,-0.10324019089909675,0.7781361272284637,-0.10583012365071479
8.167867677810719,-3.0108060461235526,-0.08117093309815651,0.8290403902896605,-0.08792830356378586
7.573514536751895,-2.889257135065727,-0.0657563076587598,0.6341774238823025,-0.07331300483584256
7.486879659805407,-2.910792176146304,-0.044752158382590924,0.6143319487295122,-0.07845607283018675
8.028530895909642,-2.985620639887427,-0.09884284561742876,0.821807992082236,-0.10488307013200161
8.075134801370135,-3.0058336510672623,-0.05440191552492299,0.8187056514207812,-0.10151121682682836
7.516906207394993,-2.906428370797772,-0.04949505894023497,0.6219574583875418,-0.07430001919808653
7.668608660084639,-2.918247916273354,-0.045425995830048915,0.722958299993775,-0.07476536516571565
7.27711041025071,-2.8520877419502986,-0.022312905746261526,0.5664003245521351,-0.081235292501494
7.279746410979147,-2.8737708984769528,-0.05057063410964503,0.5729294171280838,-0.09436032104810209
7.478174990020104,-2.9227838317222457,-0.05351318582634162,0.6660896402863272,-0.09199052729882314
7.6395809505066525,-2.934538660705814,-0.0363561895276218,0.6177598238285311,-0.08403110135662205
7.140990360778721,-2.8537454628830274,-0.015615904661370713,0.5102578251622683,-0.08905116519482906
7.214806146976163,-2.836281864377146,-0.022876687293215705,0.5880732970902771,-0.12113292686761336
7.617520745907913,-2.956128206315127,-0.028115467001076293,0.6371858742456499,-0.09275317747879133
7.508897069825379,-2.941920663287487,-0.038619006542667846,0.5941163428895319,-0.09752077631852743
7.173320014864601,-2.87696509814183,-0.012909309352319506,0.5960239327287848,-0.10691135513571438
7.100796947267723,-2.8456164567238305,0.012142789377408045,0.49123906478467594,-0.09033649508804707
7.20739201667079,-2.8512121456952015,0.030646687878057608,0.5501694335570724,-0.09985238313893312
7.334356944277725,-2.882371712569267,-0.0027876364481089185,0.5994114290920222,-0.08932684576682617
7.034381005676635,-2.8442070198606517,0.01665274571213202,0.47296024790349994,-0.07003422171135762
7.321063954041878,-2.8634328887065514,0.030905933036201063,0.6066364482391576,-0.05674395317311816
7.337075597147614,-2.9168332716386653,0.017980033963832825,0.620895065408854,-0.09908817883362761
6.972822014954209,-2.8632860949764427,0.05208885036702545,0.47731756922877044,-0.09339952453698643
7.137532144836431,-2.8769829347432854,0.07998810927247396,0.537544246875951,-0.1173786271421539
7.1688223605241195,-2.9100931399860808,0.0460444699378084,0.5777876430660128,-0.12371339768828285
6.661896982792774,-2.7791728399689473,0.020249457157434755,0.30903612004237896,-0.05548131543282108
7.019708120489233,-2.8640563166737283,0.03981405506174644,0.5307710387044909,-0.10085209390212393
7.337013575740468,-2.9577052434148796,0.03116552160722152,0.5716445390189043,-0.08589268965133615
7.374533501915493,-2.9707814039995295,0.028147211198839252,0.593279146623006,-0.10310886787813497
6.988944726039724,-2.883475244626978,0.08339288018864018,0.5536129467390511,-0.11587039641482866
6.6151657355337665,-2.7829460436316276,0.0665357594595816,0.32987816405575626,-0.07516602728339757
7.298423226752326,-2.92719878349213,0.060602129923528175,0.5315330491476906,-0.10685329534600675
6.802526304166509,-2.8403262569528707,0.06139431391526588,0.4520699265113394,-0.10567455214627554
6.456187335578843,-2.777381381017106,0.07935790360584298,0.3207403010683906,-0.09150035991052406
6.678496694609484,-2.8535263403912863,0.10362738822110575,0.3833986580194502,-0.10959132880512554
6.652501411961497,-2.8218241822838825,0.10960155231452508,0.3680467897688091,-0.10606003584879727
6.784723952154396,-2.8499422788935176,0.06980050804439523,0.39240863382978547,-0.12318144687901546
7.12970201730532,-2.929257919761467,0.11309625750612373,0.49903401151800764,-0.13716209371747165
6.776846220910474,-2.860610160726198,0.10823915692354602,0.35924480298169426,-0.1360421769567917
6.596783879540432,-2.8445827228055576,0.0858432866290449,0.314752022968758,-0.11052555960595202
6.371734962662771,-2.696085993395085,0.04498888438042258,0.14666655929404415,-0.04247271183180409
6.769329869162956,-2.854524589722349,0.1080149086005746,0.4763428716330563,-0.10444672051991864
6.708504618381898,-2.8454242238328207,0.10840247071968673,0.36142450083446465,-0.11923727977808485
6.418973779776765,-2.724666322347015,0.124860059943853,0.21441452988495247,-0.04255073875590542
6.338566769923389,-2.7315796527338296,0.09255642144686425,0.1455416014280692,-0.03214236141631452
6.585967306394759,-2.8418072010827506,0.1312274742392946,0.3470956615758539,-0.11326241126764121
6.679671316995334,-2.8207407862052363,0.08315277066991661,0.353480052390791,-0.04287554600173798
6.464375005004157,-2.79216556592251,0.0929117888285041,0.1862621600897069,-0.03499300737538714
6.506453582828868,-2.810692206587352,0.13584116728936008,0.24737822136071083,-0.0779050021693856
6.21013064554097,-2.7303307895822106,0.10092351996268874,0.04467146365722781,-0.0658528422971078
6.12757483440408,-2.741123648692469,0.13291437616083887,0.06717306248323902,-0.05762873161543998
6.326110820961313,-2.8012225159717103,0.13704775508538256,0.22002267855702778,-0.06542678983911174
6.744867486638747,-2.8831939599007526,0.15897567903829626,0.3505019441141475,-0.10753714119306282
6.071655505652052,-2.720123787230518,0.15448722627761388,0.10313129718453133,-0.04746490374869722
6.369726427700235,-2.822265968005828,0.14507679000882523,0.24349342748728092,-0.093379124899861
6.431470910057276,-2.844442271761485,0.14486088475452344,0.2739595942635004,-0.06483025748552496
6.279953733272913,-2.819868107354187,0.17677880309229638,0.19795361845844064,-0.09164937151173772
6.13821671016365,-2.739394613547133,0.1535482295013633,0.0682777199475377,-0.049685156037701586
6.077246477954992,-2.731265915078476,0.1445953462409494,0.09600882316645219,-0.04915428577653952
6.657536518094282,-2.8385063949746216,0.1620882467600168,0.2727960317313733,-0.09489384408570635
6.847319949212252,-2.90270787908473,0.22655017369339517,0.4590316123307864,-0.11132661152709998
5.96555060932327,-2.713038322942027,0.16405339613069114,0.06636344978246715,-0.09256891718597653
5.958357797988416,-2.710586406461199,0.24520433512142858,0.010954355318754844,-0.043134254049312815
6.615980332234059,-2.872165238999087,0.22239464430809044,0.36725670545347244,-0.11987145102318768
6.186771579033583,-2.7810653474776155,0.21857798488228386,0.19465825165085962,-0.08299939761533476
5.905179940385921,-2.738964219527064,0.23918553533463918,-0.01377231907624289,-0.10238755625928948
5.7780770988138395,-2.68849392492527,0.25926445109414065,-0.09724600695155107,-0.06696358535694093
5.966372227167093,-2.7637435828521824,0.2082326325493035,0.05183549146996265,-0.055554904230023086
6.067829536700954,-2.7253664525433496,0.225528253015168,0.03643576397155021,-0.023431578403501237
5.945104847274037,-2.746927436113274,0.26293552346577115,-0.002227770242566459,-0.04559453733538923
5.993598594502196,-2.789798412749047,0.20179922750577228,0.037035424915321816,-0.08468116695460924
5.892542021004612,-2.718761766571905,0.2581724131644022,0.00045778538716203696,-0.03079636712956213
5.70065599324794,-2.73406745658196,0.31888631560595543,-0.11137821936625533,-0.06334419552756083
5.819814084877714,-2.7628653188967847,0.28667701503712983,-0.06631063740386473,-0.03980570596841282
5.666616870812098,-2.7368103633716947,0.28754018894259126,-0.1010161103582864,-0.04760426569174007
5.688348755268141,-2.748519477331961,0.312982807121272,-0.07319609479381967,-0.04951359387999173
5.461533480790142,-2.68675596331915,0.3248032636261728,-0.1625277236968657,-0.03891442087297692
5.839346948193995,-2.7356935398531514,0.268464457122571,-0.06949955670282505,-0.0147617024903315
5.6829719563368855,-2.725258522151893,0.3082886821537189,-0.13701484028075914,-0.05635053849174261
5.255342891426519,-2.6735449738899093,0.39159865999248933,-0.23139874580996783,-0.07043467676927204
5.583849460074615,-2.7312182147537145,0.3299147495546361,-0.13395207839631576,-0.04494116300684709
5.703323454398065,-2.7702357995112634,0.29852983572835584,-0.12968816957125706,-0.05094005478020813
6.105766185129949,-2.7702435876408713,0.2806517750558754,0.010322182544083878,-0.06060040995827736
5.70685146549577,-2.735489075500421,0.31050896670714734,-0.048459342659626675,-0.0770791516939471
5.494661534096789,-2.7356372885189946,0.35018767968369074,-0.09742107240035504,-0.07614931915320446
5.894689970941506,-2.7285084735554155,0.28609787507515116,-0.11545987978207449,-0.04484342604140259
5.808177724289759,-2.801858580227996,0.34640856571402134,-0.06993679639474745,-0.08069248910859612
5.132294371633458,-2.7185960423235698,0.37068625379354175,-0.15831408143349582,-0.04040956136364783
5.0869846939324,-2.6979949268541117,0.3997325100308783,-0.23923454258342125,-0.05863404085881947
4.968253611028855,-2.623365424483672,0.3514895832595927,-0.31788734175332045,-0.04507863683411952
5.004759751602785,-2.7022085592642084,0.34460965926134124,-0.2798747016114754,-0.044010641363373744
5.139449156965817,-2.6974203597801107,0.39537132399072644,-0.2506328109929829,-0.06574909097999271
4.982606163200967,-2.647530432083659,0.37624398661194935,-0.30705022172519947,-0.04441770931694058
4.85855333634601,-2.6221393520336744,0.39454189613408097,-0.35116798196410376,-0.04383973586466414
5.11584906377524,-2.6677370480916625,0.39026707574723946,-0.2326804957715487,-0.0948110155378585
5.649336346066985,-2.755848175087154,0.3433737951424615,-0.09488959077812528,-0.05697681746749407
5.380223932736032,-2.7280130163937684,0.3912813316765609,-0.18610239063564116,-0.052702910526454365
5.199156938388279,-2.707296918900154,0.4265096996216536,-0.23834944263190694,-0.08553976279310435
5.086209740066009,-2.7300942434052913,0.4229747979104907,-0.27398160387875187,-0.04926857165822002
4.975220079448355,-2.6581259419274903,0.40009128652866716,-0.2808812330699144,-0.053935918624907826
5.182853005881395,-2.701985305511528,0.40829409993161303,-0.2555149074336779,-0.034665883890717314
5.194060452386842,-2.736722705774666,0.4345120214541507,-0.24379405642389146,-0.04091170488277434
5.28110805421775,-2.727609863587056,0.4058238524865043,-0.23018574995386845,-0.07357344897233913
4.985322217641238,-2.6825592305674024,0.44933367075245984,-0.3272333848008743,-0.052106892748569424
4.833667716455042,-2.6972263466848294,0.4493262071520621,-0.32863146001207083,-0.08364921512578709
5.342129544482133,-2.729704150735247,0.4010945314004223,-0.2307851481603255,-0.07339628905928335
5.2582902208975115,-2.726379627786519,0.4375885802935951,-0.23453882758580738,-0.05878327090299678
4.636411683528557,-2.637995075534716,0.47930799396041435,-0.36609710325270656,-0.07683158527966112
4.915219149664953,-2.6918098255061107,0.4471900427205371,-0.28491788329107576,-0.07991905724986874
4.87130882848638,-2.6813480587178615,0.468366898582606,-0.34524328644238106,-0.08057137216098192
4.928258903204052,-2.6706165844792786,0.43870687421617427,-0.3919086451559246,-0.02346772338759881
4.704015001993092,-2.6529333741191943,0.4624714343907122,-0.3548431450831179,-0.038769052875487736
4.701367832691145,-2.663837287625203,0.4710766499501203,-0.43491213436692056,-0.02155309828147246
4.834587567934225,-2.6730225515491535,0.4461712177836309,-0.3818298945995443,-0.03726298715634615
4.697234022778984,-2.682854399025504,0.49154060080379774,-0.3818341654258341,-0.04890777656502014
4.70267056297492,-2.6744207427112006,0.48980450466688835,-0.3705604843507806,-0.0647011649566206
4.754223911566346,-2.7100196491422914,0.47972860995744937,-0.3607986632484275,-0.06582120208163825
4.653793226890396,-2.677857075893989,0.513362595474395,-0.38258437426687975,-0.0743453551816762
4.712109297918154,-2.6738130943187484,0.5010331406782474,-0.41942637925506726,-0.05778685658169901
5.233347335602549,-2.7265293922285387,0.45956688268160345,-0.3119329888860458,-0.04204311286849482
4.799731141764814,-2.6655369063132732,0.4801477631591656,-0.4008232971794647,-0.04830542480064088
4.462882359909128,-2.641865511154852,0.5243102469957666,-0.4578955346624556,-0.05945249967642176
4.243454695793786,-2.5613526866861696,0.5303079768179437,-0.5061934967108757,-0.05721290079171046
4.768182033633612,-2.6742465814635388,0.5301233889164727,-0.3455397932517711,-0.10140797504056909
4.633326220835427,-2.641306248084784,0.5062437163250059,-0.44946432536277797,-0.05100264648110317
4.083798307800078,-2.5070024269508564,0.5194421372990282,-0.5956872314889812,-0.033165951725798476
4.343237842589206,-2.6249763712425533,0.5497942284383204,-0.4876353851219948,-0.09247436903933269
4.639854723939885,-2.63116051149027,0.5199010242499182,-0.48699992791754415,-0.04112096885565991
5.011026653895639,-2.74105827659478,0.4994137583497201,-0.3737887299502853,-0.0791512398234602
4.327247588763995,-2.6612121243056137,0.5359165347596903,-0.4281579513056066,-0.09038531740582383
3.9908932521767726,-2.5909270679918253,0.5745703630343433,-0.5926800773442834,-0.05583798813832409
4.3705312031461485,-2.652062943597174,0.541822810052433,-0.5129466946679888,-0.043212677715334026
4.1528587961085295,-2.567509278693654,0.5225692772730253,-0.5985983025553411,-0.0035526655716684773
3.8559493503886175,-2.550808828432847,0.5554226942335819,-0.6204940403179262,-0.050974556638662946
4.340511846506048,-2.622264492083605,0.5260876408744593,-0.4664722852528302,-0.048140123321350946
3.9739634419577956,-2.554852942539198,0.5398080680174092,-0.6194335313246141,-0.032208112369327684
4.579269818663899,-2.6786984429887,0.5168974058034066,-0.5364413180359877,-0.011798747490488199
4.138791799619725,-2.588571294194996,0.5940874555980125,-0.5434290128703804,-0.07113877222342575
3.9584559251305675,-2.596933968363421,0.5774153955328726,-0.606253204066658,-0.06146003250466918
4.17914002265147,-2.6212063004231005,0.5651016052811182,-0.48531047124233195,-0.10769104662845624
4.053100449447324,-2.5472986191152263,0.5576032311551372,-0.5554372894303203,-0.04776877254134606
4.56165094184207,-2.7021651595993257,0.5425620742819669,-0.4686540348822565,-0.0758068669244726
4.269098966566732,-2.6080445019012437,0.5859992041957804,-0.5634116490893734,-0.034965228093444246
4.006511878530774,-2.554165391592769,0.560339049285303,-0.6465820260585804,-0.05132323818998724
3.7194559594006926,-2.537087733199672,0.6181114236781537,-0.6709257526238757,-0.027026115037140485
3.915762421152365,-2.505891285076792,0.5621875084401279,-0.6845160194248119,0.0036983746993379243
4.124733068291495,-2.5706668676816444,0.5729882360342148,-0.6561311695156165,0.0037230866106227802
3.5992418635738064,-2.494151772149649,0.6084578831957996,-0.7631269926832327,-0.04307409281330392
4.094083564372461,-2.6009649801008923,0.5895129415744301,-0.5603135427021275,-0.024914282445051027
3.9976048815773453,-2.6064570075235194,0.611381225928857,-0.6514966569283906,-0.01725891883873641
3.882002928748248,-2.5754608831949257,0.5788008654432355,-0.6745123902534289,-0.01117867038663361
3.608150022873804,-2.5287263920033447,0.6650808368890108,-0.7105195407243994,-0.0870159619109827
3.465910291848112,-2.50085458821475,0.6313427003314513,-0.7890791545229863,-0.014032730720517427
3.677804478577634,-2.51421620863693,0.6321019290356203,-0.7538414620273102,-0.021338625350196278
3.9821764238218296,-2.600742714875743,0.6472917037139688,-0.6202572735985719,-0.05108072539424999
3.420669025536647,-2.516367462397022,0.6142167098782095,-0.7399502949513928,-0.0062598945393348825
3.525511520600407,-2.515227379144981,0.6707607074160964,-0.718112181318777,-0.06462290157267675
3.6042945844164676,-2.566279509694904,0.6677590125804795,-0.6446359182579462,-0.03989913571318677
3.36085634002529,-2.5251345676179158,0.6848118968544263,-0.7459781292912165,-0.06437977707405494
3.398051000776104,-2.5141702959671517,0.6836523747106453,-0.7649511697652778,-0.05224688637015721
3.2724874829932005,-2.477603060704621,0.6717595967707141,-0.8173047219742583,-0.034383928783186385
3.920258008811288,-2.608335584141398,0.644883910713261,-0.6552773728790143,-0.028012374288554215
3.6201613155662855,-2.548832893802395,0.668501640485453,-0.7059793737130319,-0.014009229337680465
3.464307601289771,-2.5050601971264124,0.6857054033477678,-0.781149547708475,-0.03563230357129968
3.2798726158195004,-2.5369114451032457,0.7123699925158534,-0.7732623629274693,-0.03527787461459144
3.5836284036076482,-2.5740185784314398,0.7008037452624906,-0.6985179216298296,-0.040390341030338936
3.91271086604779,-2.6419116828447198,0.6474223239976103,-0.6340517940779715,-0.0430502867648523
3.1673232214910185,-2.5052421645538394,0.70424322319544,-0.8363454428157152,-0.0542821852122964
3.4112117338272596,-2.5262569227556084,0.6974634671582766,-0.7594708265770823,-0.043412324145239434
3.572380752341677,-2.58035422914856,0.67323774066204,-0.7334664110152488,-0.025194196165356314
3.176185381217728,-2.5015116743034005,0.7126093928969928,-0.7995635988407789,-0.026937027341781546
3.0786548047093545,-2.470147301482517,0.7308298416608865,-0.8432919434481019,-0.03287346642942501
2.744831230753498,-2.39067133411217,0.7073281274837865,-0.9444634364087978,-0.021237826888762308
3.118775194737902,-2.4920385295680467,0.722938340643318,-0.8300640449619268,-0.03890522831281888
3.688881253490303,-2.608194454376801,0.6826233892062251,-0.6751198851333975,-0.02441243803269405
2.7570500552805193,-2.4478559842673526,0.7481337287814531,-0.9339401741274148,-0.03514138963702027
3.352738476002886,-2.5914292367291116,0.7641441450306315,-0.7303784198816735,-0.06301563484164967
3.574789337076832,-2.581368841228291,0.7248513544825643,-0.7102875153015572,-0.05428842507404817
3.423036885447693,-2.609974799307302,0.72743805914093,-0.7361673933698148,-0.029728018314705354
3.082250496195922,-2.5351749663240035,0.7650727615786114,-0.8331840625297902,-0.03693884609551224
2.5951128456295693,-2.3978701548022103,0.7680342360283816,-1.0000890236459852,-0.041689603347555136
3.068335983355529,-2.5241114502124073,0.7521363590226999,-0.7920320053553065,-0.04406123326393053
3.0021119393986404,-2.4816652264284214,0.7383245116018925,-0.8467491566573001,-0.015259265893844524
2.6540653922249855,-2.440501710660288,0.781588724486483,-0.9440620930719898,-0.03323804025593093
2.9750580941843268,-2.530366858278097,0.7907770138370904,-0.8286667182831471,-0.05729095183654101
2.920723631339532,-2.47234154485092,0.7764827882963201,-0.8688057080843353,-0.025856598147749953
2.618981898615958,-2.441868349303198,0.783524542654046,-1.0027655702646523,-0.04433311762131156
2.9634866274041727,-2.475265855785431,0.7684735754285245,-0.8913058617083037,-0.04036459066274816
2.9708240437145035,-2.4935589602010833,0.7859819998997886,-0.8888690072394434,-0.05973142645077622
2.400482039708635,-2.4192449310505957,0.7919311376344333,-0.9991486172324362,-0.08543332377742383
2.294790877112935,-2.344079065481807,0.757527950200165,-1.0594621914883293,-0.02507391296797465
3.2134827418914624,-2.557830912564869,0.7563003967829508,-0.831233738491324,-0.03978112756545421
2.634286574884936,-2.3803167561624887,0.7034034935771724,-1.044382161683324,0.016257355252160818
2.383564371679325,-2.366549356549785,0.7400109960125748,-1.0642678282838072,-0.001852621508653785
2.453808440739118,-2.388406300774202,0.8010256982621528,-1.0578880714369991,-0.04917778165020841
2.6293426566530274,-2.401431665133068,0.7322515991833504,-1.0082029421618433,-0.01583948164407684
2.90577948260522,-2.498096994386079,0.7950001254734351,-0.9072258802565004,-0.02899780455854385
2.2288646663126173,-2.364280090852576,0.8270077597169765,-1.098176189547205,-0.053102408830131426
2.2693550393679103,-2.3767096877211698,0.779357035381534,-1.1156593133233723,-0.03654201898338178
2.6759631866976012,-2.44585906700615,0.7915391887675194,-0.9597705539408865,-0.027357759364418404
2.5118543849481934,-2.4005797244024545,0.7528371275678656,-0.967567813974239,0.021017921301825657
2.5263441819084287,-2.4344121800781777,0.7757706953689955,-1.0036126223554762,-0.005214555743639995
2.475496734850811,-2.3955739191410887,0.8013793604573506,-1.0470261637813814,-0.009219650099556526
1.89754266769015,-2.2938922550067082,0.7979485137661035,-1.2112509691152673,-0.027245776965759614
1.843656564576258,-2.2290349700456296,0.7497486510119987,-1.2265006867489954,0.041043282043284286
2.385527878295884,-2.350503937737284,0.7630211800982898,-1.0588949700562214,0.007893377581794375
2.2029187663138594,-2.3373184048867475,0.7600461309810073,-1.1171359420516935,0.005022972868236769
1.6697053719506816,-2.228859110014509,0.7939397369242733,-1.2468626189354906,0.04230698199172049
1.7990292561087484,-2.2606179898927166,0.8184251669110822,-1.1712979449548335,0.028995517028599534
1.8811587284257605,-2.269558536551765,0.7774276761648777,-1.1863024823664512,0.015341652277071348
1.9286200969497482,-2.274733185601761,0.7932535707350211,-1.1841223485292476,0.02589602395906421
2.4777033363544483,-2.3874843688824745,0.759661537258783,-1.0496211964999338,-0.002747125719755157
1.9475987100857128,-2.2789348069014204,0.7609704517004149,-1.1829431342875525,0.036325463768247364
2.2940105797963435,-2.3856946976223923,0.8167599672353393,-1.0598665068175557,-0.010309445970676866
2.134814079085963,-2.352063627419322,0.8093081164126328,-1.0818190944761426,-0.008599611555405407
1.4627656206149642,-2.221492398629065,0.8176548974339896,-1.2218901966020883,0.05244978371058125
1.5588441729180447,-2.2368918690203183,0.8462810749395415,-1.2229731811060132,0.005383797035215891
2.236102444747292,-2.3851247070181865,0.7845193895221292,-1.0848427076830218,-0.014786458217197398
2.3196240526266156,-2.432762008091574,0.8220467788651146,-1.0304620502786792,-0.03402318720488494
1.8854250636193954,-2.3076601548637017,0.8619852849750258,-1.1615646965386863,0.003989826294338503
1.9715876939397128,-2.40573623981971,0.883278330842269,-1.0514017199115013,-0.06634540592357241
1.4623623351083503,-2.2842196028100576,0.8743791624377695,-1.212466385196341,-0.021790332468136376
1.343567550045468,-2.2110095237704677,0.787822822196181,-1.2632295410704024,-0.008519319626624966
1.9041236241717618,-2.3312953426436547,0.7883178167148781,-1.1678051040745883,0.021032370307045717
1.6668460546216446,-2.2658719431388885,0.7857857023234287,-1.2001397322891156,-0.009259887935462464
1.3672995572850462,-2.2282600098998606,0.8536784652330993,-1.2449530463826626,-0.02086605897851179
1.353770106877372,-2.2876169936445683,0.8861885300964906,-1.2309427803951507,-0.012576986999021635
1.705456663492719,-2.2509252088739657,0.8050448953216149,-1.209715144076476,0.0527172683063774
1.5959123867810399,-2.2729910196718155,0.8536626824202751,-1.1974431347650105,0.010933868338925444
0.9894150744573705,-2.1994126008807835,0.8883590044957184,-1.289596952778447,-0.001488341770505221
1.0423030847791177,-2.212974965808643,0.8917522191948901,-1.3452247203309755,-0.016130924379291978
1.4583989290430677,-2.281879452182606,0.8541563476341432,-1.2091519171182523,0.004479950605999032
1.478377936042458,-2.275352632994238,0.8398613947597069,-1.2291178739205886,0.006059863167945387
1.697447862411135,-2.2884496148986426,0.862328386835268,-1.1955446273530617,0.011973798512263961
1.445345864167413,-2.254807637549147,0.8829226631003126,-1.2377174249998393,0.00967450762866062
1.5390253714482864,-2.286382695899247,0.8341240374843348,-1.2404074921740638,-0.0009096648599062946
1.2578744994074378,-2.2044486335575746,0.9011535894105233,-1.2934372869029145,0.04240644622698114
1.373170778914216,-2.2556801409265503,0.8857623581675651,-1.2587480155829156,-0.002065582657162838
1.7691488361467007,-2.320601426763361,0.8608007998538415,-1.1877522312045579,0.0028323001845956776
1.139354471501204,-2.1860283897893957,0.905622635393908,-1.2977425333507255,0.044481452692686524
1.485539690751119,-2.273891250047967,0.8779734552349009,-1.2253082492255711,-0.005609081129500244
1.5729429038552105,-2.2824277219098663,0.8851175076563234,-1.2259582867236702,0.004963677869246644
1.5040031969271308,-2.285543774239809,0.8838553769016321,-1.2322248303223948,-0.011211950723065836
0.9130734589426116,-2.237429705790581,0.9614852923033448,-1.3192328943336589,-0.011990247476552054
0.8383760658564928,-2.1858504981309013,0.9502606815172795,-1.3434377407634235,-0.0014633197810176126
1.9147759510800908,-2.343308086249849,0.8818687099064125,-1.1713874588942272,0.01847633934909469
1.0204439589555823,-2.221450531001883,0.904322826069804,-1.2771170143466992,0.03460699783162282
0.9755870388242319,-2.2183446953985864,0.9099624970822032,-1.3092575125339119,-0.006378290882307901
1.3996956706767476,-2.2433981006460635,0.8934186680912575,-1.2464819978200927,0.05108134165249506
0.3557998410037425,-2.0818495706270563,0.9405736657632621,-1.4191222613832224,0.04228491763918047
0.44269969078664856,-2.1316086656804725,0.9242175936302409,-1.3660949600381884,0.02636594337177806
1.182522849317934,-2.248226601596199,0.9025774025560044,-1.2639690793388292,0.02246578132800751
1.3675723678724119,-2.2838305977206823,0.9324501640263166,-1.230890454276334,0.013807529683063452
1.4237910548728219,-2.277749031286505,0.908465014342043,-1.2160340744977145,-0.025303862417258443
1.1493048481346761,-2.2578159535812334,0.9200896773450608,-1.3035905506705048,-0.007961042899908845
0.8763060023509479,-2.2304316163340023,0.991093761075142,-1.3152126992185158,-0.020042702783336527
0.8523604857900482,-2.1873133904230713,0.991225193667623,-1.3035448233057023,-0.016831770140193863
1.539923261181244,-2.297176281232082,0.9276019958317291,-1.2056304481320879,-0.0029288857292162876
0.6093448548460768,-2.163625939447044,0.9471108216267187,-1.3861794986263685,0.05260345706515521
1.07795480083336,-2.2680784895989716,0.9584936058003294,-1.3039552650140678,-0.017232305252709135
1.0418158160801758,-2.2645998700716277,0.9629674260432223,-1.2904740710816858,-0.0051546984480358785
0.11913417685536615,-2.0663224809436076,0.9709758402278345,-1.4532874197893577,0.03447998615776221
0.6538573428825791,-2.1749463330123686,0.9519189336539248,-1.3898527877834181,0.006542381853287631
0.6655913653798367,-2.1842692837837987,0.9707213902319295,-1.360993959974853,0.054645034892340676
0.7908796879361703,-2.237084819999933,0.9296599711743884,-1.337963686505246,0.012561185922731614
0.7359773796679228,-2.2080025643981775,0.9580840034859124,-1.3647692208942317,0.02788142246211974
0.5606523680580459,-2.1775020494103443,0.9596189147093731,-1.3608581450266004,0.025960515269358296
0.2988498369782645,-2.1259089686950037,0.9856485742161422,-1.4094980494439955,0.03829263524839553
0.30611950865252024,-2.143376653109506,1.0275261500751283,-1.3772985584313058,-0.015586680986825575
0.8658772254301808,-2.249157653490516,0.9615977297400503,-1.3488334702077809,0.0041543413468175475
0.5116852024251238,-2.154170079283325,0.9657033083227544,-1.429882957431525,0.011744394290068325
0.2793144957961429,-2.132124191405318,1.0144385985831876,-1.3905318369132444,-0.005116852095894287
0.22372481565364766,-2.1453839714856833,1.0176044114695637,-1.3995542995797385,0.011751209671977628
-0.3981063159054134,-1.9710307591829064,1.0081004428061926,-1.5340453334210928,0.046933623841137036
0.1399527598589757,-2.111838501088905,0.9982800574281756,-1.4335601118511037,0.00894140517698746
0.24490076903908056,-2.125294782420149,0.9941024316332603,-1.3997269637926157,0.018910656441813677
0.3445156106037673,-2.1585893411655555,0.9914485550994395,-1.381004200550371,-0.011035207880318651
0.11509544511410615,-2.0961250980934567,1.0193934809248844,-1.4407323129908385,0.0010537047108938186
-0.05922016624541801,-2.1206506381525267,1.0032612200469762,-1.438354036919456,-0.019845576945678654
-0.03258491570792612,-2.1162760635059628,1.00595369106821,-1.428944853119645,-0.02529750156880161
0.1311073117011728,-2.118374651581827,0.9995525349291802,-1.4089124532736683,0.005405939076503749
0.4244713529052008,-2.166869359239778,1.0008448087417186,-1.4067735036592925,0.021461038493445155
0.18926624237646514,-2.1154947949205325,1.0123374117024695,-1.4282278994105317,0.0368922031674782
0.07975448967420164,-2.130654032123513,1.0599789176357022,-1.4265734224897757,0.025961660284802908
-0.09501274408814621,-2.1105898901518354,1.0586472480691103,-1.4399081836703842,0.01763316797968444
0.29080996732644276,-2.1708065282730074,1.0094663254584968,-1.4280205556637011,0.008874269229687653
-0.13799645315635792,-2.095306137426149,1.033748787105349,-1.4594698389361151,-0.029198482670975415
-0.10281456783007056,-2.103359997368679,1.0653427681872167,-1.4366393450896917,0.012485862564540663
0.21336834209613742,-2.149620836344045,1.0202413103145582,-1.3802131122229522,0.031025208050392203
-0.317394239490865,-2.052180371445495,1.0515429881251912,-1.472665307344359,-0.018700398039773084
-0.5817733332381841,-2.0082974994805793,1.0216743071503043,-1.5074271671219384,0.010113332353208425
0.4130879041817581,-2.1782809994644508,1.0103635271901168,-1.4256380073497639,-0.013531405145876432
0.30358587753297417,-2.1609122216250753,1.0313947420144143,-1.4046788676261945,0.008310261450917438
-0.16287725915678083,-2.092977214161193,1.077841218850369,-1.4788615208231006,0.03666309450119498
-0.158938423816165,-2.0883395448830475,1.0519116346637014,-1.4243648757202605,0.018567517693092023
0.09813766764698988,-2.1227965252538787,1.033174935486831,-1.4149615934791477,0.014473360405694911
-0.5728843060303374,-2.0306402355470254,1.0694498231595724,-1.4924976956699647,-0.006141704730626175
-0.18132501149649805,-2.0710284111462998,1.0530227076324723,-1.4705483297050992,0.01477702672856059
0.08281035069550101,-2.12599258733002,1.024742631714311,-1.488559348711396,0.023757857398933265
-0.6501548074708825,-2.0037636597173134,1.0524190703983318,-1.5305674778409668,0.00727312439889526
-0.6058489764106334,-2.017448820304802,1.0594614874969757,-1.5229496926456658,0.01690411808850536
-0.34298913349920784,-2.1006574268175022,1.0449054227990864,-1.4725490046871985,-0.021790675937607383
-0.5955932266891659,-2.0148290862529996,1.0543654504165538,-1.5117855716548885,0.018669602550986757
-0.34292255280198897,-2.062505069347816,1.0603328345240002,-1.4624841731924456,-0.012856554875904296
-0.47869076552899087,-2.0642053619722724,1.0675667437833452,-1.4762035288364677,-0.009794293442947464
-0.8925314639398774,-1.952994755533989,1.0856112860294949,-1.5641574326792844,0.04154387745438732
-0.6568847479303955,-2.001773387824777,1.1020640432692226,-1.5856254165750219,0.035504887462832244
-0.2422828066961866,-2.0973577994234316,1.053866223962476,-1.4847933145468655,0.01142583049262635
-0.5761936823132809,-2.0658523880199793,1.0824638856826136,-1.4745967761171022,-0.019999137142511874
-0.5917025255094045,-2.0581700983737035,1.0849416128555331,-1.4823651159884779,-0.011064078566721895
-0.776647330689894,-2.021640823208776,1.1035856685020242,-1.4882980838231348,0.008486293464576054
-0.963763826654063,-1.9548968023725641,1.1048963757747703,-1.5466878359184413,0.024287658829569594
-1.01670887167998,-1.9262344054407188,1.0668879087767786,-1.558393376300492,0.019392734219300257
-0.7556971135264947,-2.0186380112608764,1.0878131142960097,-1.5530441687681806,0.004881096743136024
-0.8027232501460161,-1.9846048865024013,1.0878555026040244,-1.527972158858921,0.010811104779932792
-0.755127514560255,-2.007267360853892,1.077569115389035,-1.5706617025708693,0.011937784829902444
-0.8530640924369876,-2.0093265220998195,1.0871978418701935,-1.5514953239092484,0.01760636192843351
-1.2602089336632185,-1.9118025240076826,1.091486082680844,-1.5965716856948384,0.01011925154269417
-0.87214697794542,-1.9764741700611246,1.1037002314799462,-1.5449233224886751,0.02195696856404514
-0.8192647249437933,-1.9864743029469916,1.0813655686978099,-1.556194066875665,-0.010653825952425446
-0.7370893982182916,-1.9834893822046549,1.096325366763377,-1.5203968736769684,-0.008232013667041703
-0.6954185900299882,-1.9957770702661108,1.1307810453261893,-1.501880649741973,-0.03767211504458299
-0.8456859629649016,-1.9359524123131249,1.0987132070972787,-1.5496524198575354,-0.012748258041236558
-0.4063943669018802,-1.9916028377628117,1.1338150511773644,-1.4750675021617592,-0.017922516463544973
-0.48956172957064753,-1.9805225687741714,1.1529468194983707,-1.4946414992706873,0.0025841675458095673
-0.6887550257726147,-1.919530282788676,1.1547804494014626,-1.5041791185360294,-0.0034303709316059914
-0.6323149343865847,-1.9288130371707173,1.1540840469798446,-1.5141687449171697,-0.01088460975634588
